{"info":{"_postman_id":"0a309515-5cbd-4b73-a844-cf45bc6c345c","name":"teachers","description":"A collection with requests for `/teachers` endpoint.","schema":"https://schema.getpostman.com/json/collection/v2.1.0/collection.json"},"item":[{"name":"Get All Teachers","id":"682941e6-724d-484f-a75d-1a9a625d25d4","protocolProfileBehavior":{"disableBodyPruning":true},"request":{"method":"GET","header":[],"url":{"raw":"{{base_url}}/teachers","host":["{{base_url}}"],"path":["teachers"]},"description":"## Response ##\n------------\nList of teacher details where each list item contains:\n - `teacher_id`\n - `full_name`\n - `average_rating`\n - `total_reviews`"},"response":[{"id":"cadd5ed0-81b2-4f20-bb36-d77d3bf32b9f","name":"Mock Get All Teachers","originalRequest":{"method":"GET","header":[],"url":{"raw":"{{base_url}}/teachers","host":["{{base_url}}"],"path":["teachers"]}},"status":"OK","code":200,"_postman_previewlanguage":"json","header":[{"key":"X-Powered-By","value":"Express"},{"key":"Access-Control-Allow-Origin","value":"*"},{"key":"Content-Type","value":"application/json; charset=utf-8"},{"key":"Content-Length","value":"223"},{"key":"ETag","value":"W/\"df-Qk+ZG0c2PIcQhmmVCTqfakIwjtI\""},{"key":"Date","value":"Fri, 05 Nov 2021 10:07:08 GMT"},{"key":"Connection","value":"keep-alive"},{"key":"Keep-Alive","value":"timeout=5"}],"cookie":[],"responseTime":null,"body":"{\n    \"headers\": {\n        \"error\": 0,\n        \"message\": \"Success\"\n    },\n    \"body\": [\n        {\n            \"teacher_id\": 1,\n            \"full_name\": \"Waseem Arain\",\n            \"average_rating\": \"5.0\",\n            \"total_reviews\": 1\n        },\n        {\n            \"teacher_id\": 2,\n            \"full_name\": \"Faisal Iradat\",\n            \"average_rating\": \"3.6\",\n            \"total_reviews\": 2\n        }\n    ]\n}"}]},{"name":"Get Teacher By Id","id":"85e222f2-ec9a-43a5-9638-8601788ce2f3","protocolProfileBehavior":{"disableBodyPruning":true},"request":{"method":"GET","header":[],"url":{"raw":"{{base_url}}/teachers/1","host":["{{base_url}}"],"path":["teachers","1"]},"description":"## Response ##\n------------\n - `teacher_id`\n - `full_name`\n - `average_rating`\n - `total_reviews`"},"response":[{"id":"3db08b98-c004-48f3-a87f-09dcc932f4e8","name":"Mock Get Teacher By Id","originalRequest":{"method":"GET","header":[],"url":{"raw":"{{base_url}}/teachers/1","host":["{{base_url}}"],"path":["teachers","1"]}},"status":"OK","code":200,"_postman_previewlanguage":"json","header":[{"key":"X-Powered-By","value":"Express"},{"key":"Access-Control-Allow-Origin","value":"*"},{"key":"Content-Type","value":"application/json; charset=utf-8"},{"key":"Content-Length","value":"135"},{"key":"ETag","value":"W/\"87-AHbYOJD82gh8RnLwrC7PNSFvbsI\""},{"key":"Date","value":"Fri, 05 Nov 2021 10:07:21 GMT"},{"key":"Connection","value":"keep-alive"},{"key":"Keep-Alive","value":"timeout=5"}],"cookie":[],"responseTime":null,"body":"{\n    \"headers\": {\n        \"error\": 0,\n        \"message\": \"Success\"\n    },\n    \"body\": {\n        \"teacher_id\": 1,\n        \"full_name\": \"Waseem Arain\",\n        \"average_rating\": \"0.0\",\n        \"total_reviews\": 0\n    }\n}"}]},{"name":"Add A Teacher","id":"72167a5d-e8a1-4e4d-ae43-b97bca9e6800","protocolProfileBehavior":{"disableBodyPruning":true},"request":{"method":"POST","header":[],"body":{"mode":"raw","raw":"{\r\n    \"full_name\":\"Waseem Arain\"\r\n}","options":{"raw":{"language":"json"}}},"url":{"raw":"{{base_url}}/teachers","host":["{{base_url}}"],"path":["teachers"]},"description":"## Response ##\n------------\n - `teacher_id` The new teacher's id\n - `affected_rows` Should be 1."},"response":[{"id":"be5e7583-cb96-435e-b311-68b3dc57429a","name":"Mock Add A Teacher","originalRequest":{"method":"POST","header":[],"body":{"mode":"raw","raw":"{\r\n    \"full_name\":\"Waseem Arain\"\r\n}","options":{"raw":{"language":"json"}}},"url":{"raw":"{{base_url}}/teachers","host":["{{base_url}}"],"path":["teachers"]}},"status":"Created","code":201,"_postman_previewlanguage":"json","header":[{"key":"X-Powered-By","value":"Express"},{"key":"Access-Control-Allow-Origin","value":"*"},{"key":"Content-Type","value":"application/json; charset=utf-8"},{"key":"Content-Length","value":"98"},{"key":"ETag","value":"W/\"62-U+2wx0gpa8seuIEYlG5nZQj5hnA\""},{"key":"Date","value":"Fri, 05 Nov 2021 10:05:30 GMT"},{"key":"Connection","value":"keep-alive"},{"key":"Keep-Alive","value":"timeout=5"}],"cookie":[],"responseTime":null,"body":"{\n    \"headers\": {\n        \"error\": 0,\n        \"message\": \"Teacher was created!\"\n    },\n    \"body\": {\n        \"teacher_id\": 1,\n        \"affected_rows\": 1\n    }\n}"}]},{"name":"Update A Teacher","id":"90ba3cc1-d2d5-457c-a436-d62abeb8497c","protocolProfileBehavior":{"disableBodyPruning":true},"request":{"method":"PATCH","header":[],"body":{"mode":"raw","raw":"{\r\n    \"full_name\": \"fi\"\r\n}","options":{"raw":{"language":"json"}}},"url":{"raw":"{{base_url}}/teachers/3","host":["{{base_url}}"],"path":["teachers","3"]},"description":"## Response ##\n------------\n - rows_matched\n - rows_changed\n - info\n\n***Note*** : `message` header indicates result."},"response":[{"id":"6a189f40-df8f-415e-9d6f-c83a04a76b3b","name":"Mock Update A Teacher","originalRequest":{"method":"PATCH","header":[],"body":{"mode":"raw","raw":"{\r\n    \"full_name\": \"fi\"\r\n}","options":{"raw":{"language":"json"}}},"url":{"raw":"{{base_url}}/teachers/3","host":["{{base_url}}"],"path":["teachers","3"]}},"status":"OK","code":200,"_postman_previewlanguage":"json","header":[{"key":"X-Powered-By","value":"Express"},{"key":"Access-Control-Allow-Origin","value":"*"},{"key":"Content-Type","value":"application/json; charset=utf-8"},{"key":"Content-Length","value":"157"},{"key":"ETag","value":"W/\"9d-8zDs9PfiOb5G5wneqHgzGkUNVDk\""},{"key":"Date","value":"Fri, 05 Nov 2021 10:06:29 GMT"},{"key":"Connection","value":"keep-alive"},{"key":"Keep-Alive","value":"timeout=5"}],"cookie":[],"responseTime":null,"body":"{\n    \"headers\": {\n        \"error\": 0,\n        \"message\": \"Teacher updated successfully\"\n    },\n    \"body\": {\n        \"rows_matched\": 1,\n        \"rows_changed\": 1,\n        \"info\": \"Rows matched: 1  Changed: 1  Warnings: 0\"\n    }\n}"}]},{"name":"Delete A Teacher","id":"848ddec5-efbd-47c4-84ef-95bf8703e67a","protocolProfileBehavior":{"disableBodyPruning":true},"request":{"method":"DELETE","header":[],"url":{"raw":"{{base_url}}/teachers/3","host":["{{base_url}}"],"path":["teachers","3"]},"description":"## Response ##\n------------\n - rows_removed</ul>\n\n***Note*** : `message` header indicates result."},"response":[{"id":"9d7c4779-1350-4370-b38d-16c1e51e54e1","name":"Mock Delete A Teacher","originalRequest":{"method":"DELETE","header":[],"url":{"raw":"{{base_url}}/teachers/3","host":["{{base_url}}"],"path":["teachers","3"]}},"status":"OK","code":200,"_postman_previewlanguage":"json","header":[{"key":"X-Powered-By","value":"Express"},{"key":"Access-Control-Allow-Origin","value":"*"},{"key":"Content-Type","value":"application/json; charset=utf-8"},{"key":"Content-Length","value":"86"},{"key":"ETag","value":"W/\"56-J0cRVVTmKpgrfh/+OtiZoQtwpyU\""},{"key":"Date","value":"Fri, 05 Nov 2021 10:06:49 GMT"},{"key":"Connection","value":"keep-alive"},{"key":"Keep-Alive","value":"timeout=5"}],"cookie":[],"responseTime":null,"body":"{\n    \"headers\": {\n        \"error\": 0,\n        \"message\": \"Teacher has been deleted\"\n    },\n    \"body\": {\n        \"rows_removed\": 1\n    }\n}"}]}],"auth":{"type":"bearer","bearer":[{"key":"token","value":"{{admin_token}}","type":"string"}]},"event":[{"listen":"prerequest","script":{"id":"ac057e97-12d8-42bf-8ba9-62a26e26601e","type":"text/javascript","exec":[""]}},{"listen":"test","script":{"id":"53eea57a-3c92-41f1-bc6d-cfeeb62f7ea0","type":"text/javascript","exec":[""]}}]}