{"info":{"_postman_id":"64d249af-a632-4408-a92a-087b4e726521","name":"classrooms","description":"A collection with requests for `/classrooms` endpoint.","schema":"https://schema.getpostman.com/json/collection/v2.1.0/collection.json"},"item":[{"name":"Get All Classrooms","id":"166f7994-4e6a-480c-8e68-6e45097cae79","protocolProfileBehavior":{"disableBodyPruning":true},"request":{"method":"GET","header":[],"url":{"raw":"{{base_url}}/classrooms","host":["{{base_url}}"],"path":["classrooms"]},"description":"## Response ##\n------------\nList of classroom details where each list item contains:\n - `classroom_id`\n - `classroom`\n - `campus_id`"},"response":[{"id":"09f68e18-ed4c-482a-9ce2-3b3f94f0946f","name":"Mock Get All Classrooms","originalRequest":{"method":"GET","header":[],"url":{"raw":"{{base_url}}/classrooms","host":["{{base_url}}"],"path":["classrooms"]}},"status":"OK","code":200,"_postman_previewlanguage":"json","header":[{"key":"X-Powered-By","value":"Express"},{"key":"Access-Control-Allow-Origin","value":"*"},{"key":"Content-Type","value":"application/json; charset=utf-8"},{"key":"Content-Length","value":"483"},{"key":"ETag","value":"W/\"1e3-HT+9NUtQszL2lSyAqkdhIVuoSyw\""},{"key":"Date","value":"Tue, 02 Nov 2021 09:20:36 GMT"},{"key":"Connection","value":"keep-alive"},{"key":"Keep-Alive","value":"timeout=5"}],"cookie":[],"responseTime":null,"body":"{\n    \"headers\": {\n        \"error\": 0,\n        \"message\": \"Success\"\n    },\n    \"body\": [\n        {\n            \"classroom_id\": 1,\n            \"classroom\": \"MTC1\",\n            \"campus_id\": 1\n        },\n        {\n            \"classroom_id\": 2,\n            \"classroom\": \"MAC1\",\n            \"campus_id\": 1\n        },\n        {\n            \"classroom_id\": 3,\n            \"classroom\": \"MCC1\",\n            \"campus_id\": 1\n        },\n        {\n            \"classroom_id\": 4,\n            \"classroom\": \"MTL4\",\n            \"campus_id\": 1\n        },\n        {\n            \"classroom_id\": 5,\n            \"classroom\": \"MTS2\",\n            \"campus_id\": 1\n        },\n        {\n            \"classroom_id\": 6,\n            \"classroom\": \"MTC21-A\",\n            \"campus_id\": 1\n        },\n        {\n            \"classroom_id\": 7,\n            \"classroom\": \"AUDITORIUM\",\n            \"campus_id\": 1\n        },\n        {\n            \"classroom_id\": 8,\n            \"classroom\": \"EVENT HALL\",\n            \"campus_id\": 1\n        }\n    ]\n}"}]},{"name":"Get Classroom By Id","id":"d1a062d3-615c-47d1-a5a5-df35f5826d81","protocolProfileBehavior":{"disableBodyPruning":true},"request":{"method":"GET","header":[],"url":{"raw":"{{base_url}}/classrooms/1","host":["{{base_url}}"],"path":["classrooms","1"]},"description":"## Response ##\n------------\n - `classroom_id`\n - `classroom`\n - `campus_id`"},"response":[{"id":"0c88cb21-caaf-4f57-9126-63931cd3d200","name":"Mock Get Classroom By Id","originalRequest":{"method":"GET","header":[],"url":{"raw":"{{base_url}}/classrooms/1","host":["{{base_url}}"],"path":["classrooms","1"]}},"status":"OK","code":200,"_postman_previewlanguage":"json","header":[{"key":"X-Powered-By","value":"Express"},{"key":"Access-Control-Allow-Origin","value":"*"},{"key":"Content-Type","value":"application/json; charset=utf-8"},{"key":"Content-Length","value":"102"},{"key":"ETag","value":"W/\"66-TJ2g9FAh1M12Nm3NG5D88AWifGU\""},{"key":"Date","value":"Tue, 02 Nov 2021 09:20:26 GMT"},{"key":"Connection","value":"keep-alive"},{"key":"Keep-Alive","value":"timeout=5"}],"cookie":[],"responseTime":null,"body":"{\n    \"headers\": {\n        \"error\": 0,\n        \"message\": \"Success\"\n    },\n    \"body\": {\n        \"classroom_id\": 1,\n        \"classroom\": \"MTC1\",\n        \"campus_id\": 1\n    }\n}"}]},{"name":"Add A Classroom","id":"026bfb60-dc2a-4cd4-8387-1aa429179000","protocolProfileBehavior":{"disableBodyPruning":true},"request":{"method":"POST","header":[],"body":{"mode":"raw","raw":"{\r\n    \"classroom\":\"AUDITORIUM\",\r\n    \"campus_id\":\"1\"\r\n}","options":{"raw":{"language":"json"}}},"url":{"raw":"{{base_url}}/classrooms","host":["{{base_url}}"],"path":["classrooms"]},"description":"## Response ##\n------------\n - `classroom_id` The new classroom's id\n - `affected_rows` Should be 1."},"response":[{"id":"156d1a53-7ac4-4d89-9792-620c7a7f12e6","name":"Mock Add A Classroom","originalRequest":{"method":"POST","header":[],"body":{"mode":"raw","raw":"{\r\n    \"classroom\":\"MTC1\",\r\n    \"campus_id\":\"1\"\r\n}","options":{"raw":{"language":"json"}}},"url":{"raw":"{{base_url}}/classrooms","host":["{{base_url}}"],"path":["classrooms"]}},"status":"Created","code":201,"_postman_previewlanguage":"json","header":[{"key":"X-Powered-By","value":"Express"},{"key":"Access-Control-Allow-Origin","value":"*"},{"key":"Content-Type","value":"application/json; charset=utf-8"},{"key":"Content-Length","value":"102"},{"key":"ETag","value":"W/\"66-bvcsUCXfDHYPRjqF3yQALT6sobo\""},{"key":"Date","value":"Tue, 02 Nov 2021 09:15:53 GMT"},{"key":"Connection","value":"keep-alive"},{"key":"Keep-Alive","value":"timeout=5"}],"cookie":[],"responseTime":null,"body":"{\n    \"headers\": {\n        \"error\": 0,\n        \"message\": \"Classroom was created!\"\n    },\n    \"body\": {\n        \"classroom_id\": 1,\n        \"affected_rows\": 1\n    }\n}"}]},{"name":"Update A Classroom","id":"1fac30d2-38c9-4aa0-9df3-1d9491ece9a5","protocolProfileBehavior":{"disableBodyPruning":true},"request":{"method":"PATCH","header":[],"body":{"mode":"raw","raw":"{\r\n    \"campus_id\": 2\r\n}","options":{"raw":{"language":"json"}}},"url":{"raw":"{{base_url}}/classrooms/9","host":["{{base_url}}"],"path":["classrooms","9"]},"description":"## Response ##\n------------\n - rows_matched\n - rows_changed\n - info\n\n***Note*** : `message` header indicates result."},"response":[{"id":"074ced6f-6df8-418a-88a3-937b1bfd8429","name":"Mock Update A Classroom","originalRequest":{"method":"PATCH","header":[],"body":{"mode":"raw","raw":"{\r\n    \"campus_id\": 2\r\n}","options":{"raw":{"language":"json"}}},"url":{"raw":"{{base_url}}/classrooms/9","host":["{{base_url}}"],"path":["classrooms","9"]}},"status":"OK","code":200,"_postman_previewlanguage":"json","header":[{"key":"X-Powered-By","value":"Express"},{"key":"Access-Control-Allow-Origin","value":"*"},{"key":"Content-Type","value":"application/json; charset=utf-8"},{"key":"Content-Length","value":"159"},{"key":"ETag","value":"W/\"9f-Aw7bGFz/Oir7exz5Gp5Z4L94VFw\""},{"key":"Date","value":"Tue, 02 Nov 2021 09:19:28 GMT"},{"key":"Connection","value":"keep-alive"},{"key":"Keep-Alive","value":"timeout=5"}],"cookie":[],"responseTime":null,"body":"{\n    \"headers\": {\n        \"error\": 0,\n        \"message\": \"Classroom updated successfully\"\n    },\n    \"body\": {\n        \"rows_matched\": 1,\n        \"rows_changed\": 1,\n        \"info\": \"Rows matched: 1  Changed: 1  Warnings: 0\"\n    }\n}"}]},{"name":"Delete A Classroom","id":"35eb5142-9f8e-4d66-b6ee-9187d04ffd40","protocolProfileBehavior":{"disableBodyPruning":true},"request":{"method":"DELETE","header":[],"url":{"raw":"{{base_url}}/classrooms/9","host":["{{base_url}}"],"path":["classrooms","9"]},"description":"## Response ##\n------------\n - rows_removed</ul>\n\n***Note*** : `message` header indicates result."},"response":[{"id":"fecdb80e-0324-484e-8c0d-351c29e7f464","name":"Mock Delete A Classroom","originalRequest":{"method":"DELETE","header":[],"url":{"raw":"{{base_url}}/classrooms/9","host":["{{base_url}}"],"path":["classrooms","9"]}},"status":"OK","code":200,"_postman_previewlanguage":"json","header":[{"key":"X-Powered-By","value":"Express"},{"key":"Access-Control-Allow-Origin","value":"*"},{"key":"Content-Type","value":"application/json; charset=utf-8"},{"key":"Content-Length","value":"88"},{"key":"ETag","value":"W/\"58-17JvU3h8Cieh+UQ+R+pyS+ofkko\""},{"key":"Date","value":"Tue, 02 Nov 2021 09:20:10 GMT"},{"key":"Connection","value":"keep-alive"},{"key":"Keep-Alive","value":"timeout=5"}],"cookie":[],"responseTime":null,"body":"{\n    \"headers\": {\n        \"error\": 0,\n        \"message\": \"Classroom has been deleted\"\n    },\n    \"body\": {\n        \"rows_removed\": 1\n    }\n}"}]}],"auth":{"type":"bearer","bearer":[{"key":"token","value":"{{admin_token}}","type":"string"}]},"event":[{"listen":"prerequest","script":{"id":"2f94df2e-6f66-468b-af40-3304fa8800bb","type":"text/javascript","exec":[""]}},{"listen":"test","script":{"id":"83761057-5156-4476-b6d8-47544a42c411","type":"text/javascript","exec":[""]}}]}