{"info":{"_postman_id":"9aa39fc6-aae2-4826-9d55-61956e6bd128","name":"hangout requests","description":"A collection with requests for `/hangout-requests` endpoint.","schema":"https://schema.getpostman.com/json/collection/v2.1.0/collection.json"},"item":[{"name":"Get All Hangout Requests","id":"26035a50-4d17-40cf-870b-ad0625c46d9a","protocolProfileBehavior":{"disableBodyPruning":true},"request":{"method":"GET","header":[],"url":{"raw":"{{base_url}}/hangout-requests?sender_erp=17855","host":["{{base_url}}"],"path":["hangout-requests"],"query":[{"key":"sender_erp","value":"17855"}]},"description":"## Response ##\n------------\nList of friend request details where each list item contains:\n - `hangout_request_id`\n - `sender_erp`\n - `receiver_erp`\n - `request_status`\n - `purpose`\n - `meetup_at`\n - `meetup_spot_id`\n - `accepted_at`"},"response":[{"id":"3604c818-ad9c-421a-9692-3f317fe91231","name":"Mock Get All Hangout Requests","originalRequest":{"method":"GET","header":[],"url":{"raw":"{{base_url}}/hangout-requests?sender_erp=17855","host":["{{base_url}}"],"path":["hangout-requests"],"query":[{"key":"sender_erp","value":"17855"}]}},"status":"OK","code":200,"_postman_previewlanguage":"json","header":[{"key":"X-Powered-By","value":"Express"},{"key":"Access-Control-Allow-Origin","value":"*"},{"key":"Content-Type","value":"application/json; charset=utf-8"},{"key":"Content-Length","value":"470"},{"key":"ETag","value":"W/\"1d6-4JOHV7PohRycaciLIGIrk8PmjYk\""},{"key":"Date","value":"Fri, 15 Oct 2021 10:58:40 GMT"},{"key":"Connection","value":"keep-alive"},{"key":"Keep-Alive","value":"timeout=5"}],"cookie":[],"responseTime":null,"body":"{\n    \"headers\": {\n        \"error\": 0,\n        \"message\": \"Success\"\n    },\n    \"body\": [\n        {\n            \"hangout_request_id\": 1,\n            \"sender_erp\": \"17855\",\n            \"receiver_erp\": \"15030\",\n            \"request_status\": \"request_pending\",\n            \"purpose\": \"Some purpose\",\n            \"meetup_at\": \"2021-10-04 17:24:40\",\n            \"meetup_spot_id\": 7,\n            \"accepted_at\": null\n        },\n        {\n            \"hangout_request_id\": 2,\n            \"sender_erp\": \"17855\",\n            \"receiver_erp\": \"15030\",\n            \"request_status\": \"accepted\",\n            \"purpose\": \"Some other purpose\",\n            \"meetup_at\": \"2021-10-04 17:24:40\",\n            \"meetup_spot_id\": 2,\n            \"accepted_at\": \"2021-10-04 17:24:40\"\n        }\n    ]\n}"}]},{"name":"Add A Hangout Request","id":"b06fb906-3c00-45d8-83d6-c789c84360e7","protocolProfileBehavior":{"disableBodyPruning":true},"request":{"method":"POST","header":[],"body":{"mode":"raw","raw":"{\r\n    \"sender_erp\":\"17855\",\r\n    \"receiver_erp\":\"15030\",\r\n    \"purpose\":\"Some purpose\",\r\n    \"meetup_at\":\"2021-10-04 17:24:40\",\r\n    \"meetup_spot_id\": 7\r\n}","options":{"raw":{"language":"json"}}},"url":{"raw":"{{base_url}}/hangout-requests","host":["{{base_url}}"],"path":["hangout-requests"]},"description":"## Response ##\n------------\n - `hangout_request_id` New hangout request's id.\n - `affected_rows` Should be 1."},"response":[{"id":"df612dd5-8487-4425-98ce-89c35711bc33","name":"Mock Add A Hangout Request","originalRequest":{"method":"POST","header":[],"body":{"mode":"raw","raw":"{\r\n    \"sender_erp\":\"17855\",\r\n    \"receiver_erp\":\"15030\",\r\n    \"purpose\":\"Some purpose\",\r\n    \"meetup_at\":\"2021-10-04 17:24:40\",\r\n    \"meetup_spot_id\": 7\r\n}","options":{"raw":{"language":"json"}}},"url":{"raw":"{{base_url}}/hangout-requests","host":["{{base_url}}"],"path":["hangout-requests"]}},"status":"Created","code":201,"_postman_previewlanguage":"json","header":[{"key":"X-Powered-By","value":"Express"},{"key":"Access-Control-Allow-Origin","value":"*"},{"key":"Content-Type","value":"application/json; charset=utf-8"},{"key":"Content-Length","value":"114"},{"key":"ETag","value":"W/\"72-8EVPJaJQOVAk1smH3AzxwmXrf54\""},{"key":"Date","value":"Fri, 15 Oct 2021 10:53:37 GMT"},{"key":"Connection","value":"keep-alive"},{"key":"Keep-Alive","value":"timeout=5"}],"cookie":[],"responseTime":null,"body":"{\n    \"headers\": {\n        \"error\": 0,\n        \"message\": \"Hangout request was created!\"\n    },\n    \"body\": {\n        \"hangout_request_id\": 1,\n        \"affected_rows\": 1\n    }\n}"}]},{"name":"Update A Hangout Request","id":"1b91475b-eb6d-4798-876a-f4dc1625b24b","protocolProfileBehavior":{"disableBodyPruning":true},"request":{"auth":{"type":"bearer","bearer":[{"key":"token","value":"{{admin_token}}","type":"string"}]},"method":"PATCH","header":[],"body":{"mode":"raw","raw":"{\r\n    \"request_status\": \"accepted\",\r\n    \"accepted_at\": \"2021-10-04 17:24:40\"\r\n}","options":{"raw":{"language":"json"}}},"url":{"raw":"{{base_url}}/hangout-requests/2","host":["{{base_url}}"],"path":["hangout-requests","2"]},"description":"## Response ##\n------------\n - rows_matched\n - rows_changed\n - info\n\n***Note*** : `message` header indicates result."},"response":[{"id":"a2c07a40-5216-4dbd-ba00-f27b2ed183b9","name":"Mock Update A Hangout Request","originalRequest":{"method":"PATCH","header":[],"body":{"mode":"raw","raw":"{\r\n    \"request_status\": \"accepted\",\r\n    \"accepted_at\": \"2021-10-04 17:24:40\"\r\n}","options":{"raw":{"language":"json"}}},"url":{"raw":"{{base_url}}/hangout-requests/2","host":["{{base_url}}"],"path":["hangout-requests","2"]}},"status":"OK","code":200,"_postman_previewlanguage":"json","header":[{"key":"X-Powered-By","value":"Express"},{"key":"Access-Control-Allow-Origin","value":"*"},{"key":"Content-Type","value":"application/json; charset=utf-8"},{"key":"Content-Length","value":"165"},{"key":"ETag","value":"W/\"a5-J60kAlJA7l+xzPEqsqfCNAwxbOs\""},{"key":"Date","value":"Fri, 15 Oct 2021 10:58:24 GMT"},{"key":"Connection","value":"keep-alive"},{"key":"Keep-Alive","value":"timeout=5"}],"cookie":[],"responseTime":null,"body":"{\n    \"headers\": {\n        \"error\": 0,\n        \"message\": \"Hangout request updated successfully\"\n    },\n    \"body\": {\n        \"rows_matched\": 1,\n        \"rows_changed\": 1,\n        \"info\": \"Rows matched: 1  Changed: 1  Warnings: 0\"\n    }\n}"}]},{"name":"Delete A Hangout Request","id":"ba6a443f-11cd-48e0-a281-2568c3c953a7","protocolProfileBehavior":{"disableBodyPruning":true},"request":{"method":"DELETE","header":[],"url":{"raw":"{{base_url}}/hangout-requests/3","host":["{{base_url}}"],"path":["hangout-requests","3"]},"description":"## Response ##\n------------\n - rows_removed</ul>\n\n***Note*** : `message` header indicates result."},"response":[{"id":"10784249-72a8-42d3-b8aa-c4d5ae5aa355","name":"Mock Delete A Hangout Request","originalRequest":{"method":"DELETE","header":[],"url":{"raw":"{{base_url}}/hangout-requests/3","host":["{{base_url}}"],"path":["hangout-requests","3"]}},"status":"OK","code":200,"_postman_previewlanguage":"json","header":[{"key":"X-Powered-By","value":"Express"},{"key":"Access-Control-Allow-Origin","value":"*"},{"key":"Content-Type","value":"application/json; charset=utf-8"},{"key":"Content-Length","value":"94"},{"key":"ETag","value":"W/\"5e-hJQ9MhpmRwumomWelzLzQy1aM2U\""},{"key":"Date","value":"Fri, 15 Oct 2021 10:59:33 GMT"},{"key":"Connection","value":"keep-alive"},{"key":"Keep-Alive","value":"timeout=5"}],"cookie":[],"responseTime":null,"body":"{\n    \"headers\": {\n        \"error\": 0,\n        \"message\": \"Hangout request has been deleted\"\n    },\n    \"body\": {\n        \"rows_removed\": 1\n    }\n}"}]}],"auth":{"type":"bearer","bearer":[{"key":"token","value":"{{token}}","type":"string"}]},"event":[{"listen":"prerequest","script":{"id":"db759129-de1a-422f-9289-48e292f62352","type":"text/javascript","exec":[""]}},{"listen":"test","script":{"id":"5f05bb03-e117-4dc5-a1b7-d25cae5d78ed","type":"text/javascript","exec":[""]}}]}