{"info":{"_postman_id":"7d6927be-e84c-4f79-b08b-7f96fd10d40b","name":"campuses","description":"A collection with requests for `/campuses` endpoint.","schema":"https://schema.getpostman.com/json/collection/v2.1.0/collection.json"},"item":[{"name":"Get All Campuses","id":"98a75f6d-9b68-4179-925b-f4a0dc3537de","protocolProfileBehavior":{"disableBodyPruning":true},"request":{"method":"GET","header":[],"url":{"raw":"{{base_url}}/campuses","host":["{{base_url}}"],"path":["campuses"]},"description":"# Get all campuses #\n\n## Response ##\n------------\nList of campus details where each list item contains:\n - `campus_id`\n - `campus`"},"response":[{"id":"38f3d40d-fb61-4e88-972a-166edfb7842c","name":"Mock Get All Campuses","originalRequest":{"method":"GET","header":[],"url":{"raw":"{{base_url}}/campuses","host":["{{base_url}}"],"path":["campuses"]}},"status":"OK","code":200,"_postman_previewlanguage":"json","header":[{"key":"X-Powered-By","value":"Express"},{"key":"Access-Control-Allow-Origin","value":"*"},{"key":"Content-Type","value":"application/json; charset=utf-8"},{"key":"Content-Length","value":"234"},{"key":"ETag","value":"W/\"ea-73XKhutHmWL+RMLa1Qdg9Ub+bo4\""},{"key":"Date","value":"Sat, 04 Sep 2021 17:06:14 GMT"},{"key":"Connection","value":"keep-alive"},{"key":"Keep-Alive","value":"timeout=5"}],"cookie":[],"responseTime":null,"body":"{\n    \"headers\": {\n        \"error\": 0,\n        \"message\": \"Success\"\n    },\n    \"body\": [\n        {\n            \"campus_id\": 1,\n            \"campus\": \"MAIN\",\n            \"location_url\": \"https://maps.app.goo.gl/LvH61VeZZVfyggHw6\"\n        },\n        {\n            \"campus_id\": 2,\n            \"campus\": \"CITY\",\n            \"location_url\": \"https://maps.app.goo.gl/LvH61VeZZVfyggHw6\"\n        }\n    ]\n}"}]},{"name":"Get Campus By Id","id":"63fe87e4-a562-4075-bdd6-704b56b6fc2f","protocolProfileBehavior":{"disableBodyPruning":true},"request":{"method":"GET","header":[],"url":{"raw":"{{base_url}}/campuses/2","host":["{{base_url}}"],"path":["campuses","2"]},"description":"# Get an campus by id #\n\n## Response ##\n------------\n - `campus_id`\n - `campus`"},"response":[{"id":"a3adc8c7-bbaa-4f0d-bc91-f2bd8cb58e89","name":"Mock Get Campus By Id","originalRequest":{"method":"GET","header":[],"url":{"raw":"{{base_url}}/campuses/2","host":["{{base_url}}"],"path":["campuses","2"]}},"status":"OK","code":200,"_postman_previewlanguage":"json","header":[{"key":"X-Powered-By","value":"Express"},{"key":"Access-Control-Allow-Origin","value":"*"},{"key":"Content-Type","value":"application/json; charset=utf-8"},{"key":"Content-Length","value":"141"},{"key":"ETag","value":"W/\"8d-VqY920dwfugzG5lJ8i0GGf2QY80\""},{"key":"Date","value":"Sat, 04 Sep 2021 17:06:28 GMT"},{"key":"Connection","value":"keep-alive"},{"key":"Keep-Alive","value":"timeout=5"}],"cookie":[],"responseTime":null,"body":"{\n    \"headers\": {\n        \"error\": 0,\n        \"message\": \"Success\"\n    },\n    \"body\": {\n        \"campus_id\": 2,\n        \"campus\": \"CITY\",\n        \"location_url\": \"https://maps.app.goo.gl/LvH61VeZZVfyggHw6\"\n    }\n}"}]},{"name":"Add A Campus","id":"ccc0fb1c-aad7-41a9-8001-668cd758a007","protocolProfileBehavior":{"disableBodyPruning":true},"request":{"auth":{"type":"bearer","bearer":[{"key":"token","value":"{{admin_token}}","type":"string"}]},"method":"POST","header":[],"body":{"mode":"raw","raw":"{\r\n    \"campus\":\"SUKKUR\",\r\n    \"location_url\":\"www.google.com\"\r\n}","options":{"raw":{"language":"json"}}},"url":{"raw":"{{base_url}}/campuses","host":["{{base_url}}"],"path":["campuses"]},"description":"# Add a new campus #\n\n## Response ##\n------------\n - `campus_id` New campus's id.\n - `affected_rows` Should be 1."},"response":[{"id":"93bfae27-2c78-405c-89b1-378432e445f0","name":"Mock Add A Campus","originalRequest":{"method":"POST","header":[],"body":{"mode":"raw","raw":"{\r\n    \"campus\":\"SUKKUR\",\r\n    \"location_url\":\"www.google.com\"\r\n}","options":{"raw":{"language":"json"}}},"url":{"raw":"{{base_url}}/campuses","host":["{{base_url}}"],"path":["campuses"]}},"status":"Created","code":201,"_postman_previewlanguage":"json","header":[{"key":"X-Powered-By","value":"Express"},{"key":"Access-Control-Allow-Origin","value":"*"},{"key":"Content-Type","value":"application/json; charset=utf-8"},{"key":"Content-Length","value":"96"},{"key":"ETag","value":"W/\"60-3GpzBucHOq/GSpiqO8zjmOR+nDE\""},{"key":"Date","value":"Sat, 04 Sep 2021 17:07:18 GMT"},{"key":"Connection","value":"keep-alive"},{"key":"Keep-Alive","value":"timeout=5"}],"cookie":[],"responseTime":null,"body":"{\n    \"headers\": {\n        \"error\": 0,\n        \"message\": \"Campus was created!\"\n    },\n    \"body\": {\n        \"campus_id\": 3,\n        \"affected_rows\": 1\n    }\n}"}]},{"name":"Update A Campus","id":"6516daa0-be0a-4459-81dc-76ef8fc83643","protocolProfileBehavior":{"disableBodyPruning":true},"request":{"auth":{"type":"bearer","bearer":[{"key":"token","value":"{{admin_token}}","type":"string"}]},"method":"PATCH","header":[],"body":{"mode":"raw","raw":"{\r\n    \"campus\":\"SUKKUR\"\r\n}","options":{"raw":{"language":"json"}}},"url":{"raw":"{{base_url}}/campuses/3","host":["{{base_url}}"],"path":["campuses","3"]},"description":"# Update details of a campus #\n## Response ##\n------------\n - rows_matched\n - rows_changed\n - info\n\n***Note*** : `message` header indicates result."},"response":[{"id":"34817f0a-c0b4-4769-9958-55bb9978ddfc","name":"Mock Update A Campus","originalRequest":{"method":"PATCH","header":[],"body":{"mode":"raw","raw":"{\r\n    \"campus\":\"SUKKUR\"\r\n}","options":{"raw":{"language":"json"}}},"url":{"raw":"{{base_url}}/campuses/3","host":["{{base_url}}"],"path":["campuses","3"]}},"status":"OK","code":200,"_postman_previewlanguage":"json","header":[{"key":"X-Powered-By","value":"Express"},{"key":"Access-Control-Allow-Origin","value":"*"},{"key":"Content-Type","value":"application/json; charset=utf-8"},{"key":"Content-Length","value":"156"},{"key":"ETag","value":"W/\"9c-4wOhaLnwvVqRKKGh9nQAV89reeE\""},{"key":"Date","value":"Sat, 04 Sep 2021 17:08:26 GMT"},{"key":"Connection","value":"keep-alive"},{"key":"Keep-Alive","value":"timeout=5"}],"cookie":[],"responseTime":null,"body":"{\n    \"headers\": {\n        \"error\": 0,\n        \"message\": \"Campus updated successfully\"\n    },\n    \"body\": {\n        \"rows_matched\": 1,\n        \"rows_changed\": 1,\n        \"info\": \"Rows matched: 1  Changed: 1  Warnings: 0\"\n    }\n}"}]},{"name":"Delete A Campus","id":"d4508137-123b-4f64-8b3b-e8827413870d","protocolProfileBehavior":{"disableBodyPruning":true},"request":{"auth":{"type":"bearer","bearer":[{"key":"token","value":"{{admin_token}}","type":"string"}]},"method":"DELETE","header":[],"url":{"raw":"{{base_url}}/campuses/3","host":["{{base_url}}"],"path":["campuses","3"]},"description":"# Delete a campus #\n## Response ##\n------------\n - rows_removed</ul>\n\n***Note*** : `message` header indicates result."},"response":[{"id":"b0e81366-8615-4f54-8546-fa19505e713a","name":"Mock Delete A Campus","originalRequest":{"method":"DELETE","header":[],"url":{"raw":"{{base_url}}/campuses/3","host":["{{base_url}}"],"path":["campuses","3"]}},"status":"OK","code":200,"_postman_previewlanguage":"json","header":[{"key":"X-Powered-By","value":"Express"},{"key":"Access-Control-Allow-Origin","value":"*"},{"key":"Content-Type","value":"application/json; charset=utf-8"},{"key":"Content-Length","value":"85"},{"key":"ETag","value":"W/\"55-PU2Sx7e+HlJGsWJZHnna6BSyqFw\""},{"key":"Date","value":"Sat, 04 Sep 2021 17:09:14 GMT"},{"key":"Connection","value":"keep-alive"},{"key":"Keep-Alive","value":"timeout=5"}],"cookie":[],"responseTime":null,"body":"{\n    \"headers\": {\n        \"error\": 0,\n        \"message\": \"Campus has been deleted\"\n    },\n    \"body\": {\n        \"rows_removed\": 1\n    }\n}"}]}],"auth":{"type":"bearer","bearer":[{"key":"token","value":"{{token}}","type":"string"}]},"event":[{"listen":"prerequest","script":{"id":"56ea0647-f0f8-4c0a-ab37-e918e4683a07","type":"text/javascript","exec":[""]}},{"listen":"test","script":{"id":"40e7dff9-d910-4d58-a781-2976a72b2008","type":"text/javascript","exec":[""]}}]}