{"info":{"_postman_id":"e79cbd31-2d63-4e47-9331-4c534c1ffe0e","name":"programs","description":"A collection with requests for `/programs` endpoint.","schema":"https://schema.getpostman.com/json/collection/v2.1.0/collection.json"},"item":[{"name":"Get All Programs","id":"d56d335c-9019-4621-bbfd-2c2a142a32d3","protocolProfileBehavior":{"disableBodyPruning":true},"request":{"method":"GET","header":[],"url":{"raw":"{{base_url}}/programs","host":["{{base_url}}"],"path":["programs"]},"description":"# Get all programs #\n\n## Response ##\n------------\nList of program details where each list item contains:\n - `program_id`\n - `program`"},"response":[{"id":"73001b8e-1a5e-490f-a8fa-ca0f479b8062","name":"Mock Get All Programs","originalRequest":{"method":"GET","header":[],"url":{"raw":"{{base_url}}/programs","host":["{{base_url}}"],"path":["programs"]}},"status":"OK","code":200,"_postman_previewlanguage":"json","header":[{"key":"X-Powered-By","value":"Express"},{"key":"Access-Control-Allow-Origin","value":"*"},{"key":"Content-Type","value":"application/json; charset=utf-8"},{"key":"Content-Length","value":"121"},{"key":"ETag","value":"W/\"79-c6h9QlkxdlzbRn8Ufe+3cAxHG6U\""},{"key":"Date","value":"Sat, 04 Sep 2021 17:31:47 GMT"},{"key":"Connection","value":"keep-alive"},{"key":"Keep-Alive","value":"timeout=5"}],"cookie":[],"responseTime":null,"body":"{\n    \"headers\": {\n        \"error\": 0,\n        \"message\": \"Success\"\n    },\n    \"body\": [\n        {\n            \"program_id\": 1,\n            \"program\": \"BSCS\"\n        },\n        {\n            \"program_id\": 2,\n            \"program\": \"BSACF\"\n        }\n    ]\n}"}]},{"name":"Get Program By Id","id":"50f7995b-f8ef-4c77-bfc2-4cce3f591236","protocolProfileBehavior":{"disableBodyPruning":true},"request":{"method":"GET","header":[],"url":{"raw":"{{base_url}}/programs/2","host":["{{base_url}}"],"path":["programs","2"]},"description":"# Get an program by id #\n\n## Response ##\n------------\n - `program_id`\n - `program`"},"response":[{"id":"6fa3e642-8db1-417b-a1a0-1d5d752c4ac1","name":"Mock Get Program By Id","originalRequest":{"method":"GET","header":[],"url":{"raw":"{{base_url}}/programs/2","host":["{{base_url}}"],"path":["programs","2"]}},"status":"OK","code":200,"_postman_previewlanguage":"json","header":[{"key":"X-Powered-By","value":"Express"},{"key":"Access-Control-Allow-Origin","value":"*"},{"key":"Content-Type","value":"application/json; charset=utf-8"},{"key":"Content-Length","value":"85"},{"key":"ETag","value":"W/\"55-D1jZ3fgeTqcwdXrlv0Ga2GU/SNk\""},{"key":"Date","value":"Sat, 04 Sep 2021 17:31:59 GMT"},{"key":"Connection","value":"keep-alive"},{"key":"Keep-Alive","value":"timeout=5"}],"cookie":[],"responseTime":null,"body":"{\n    \"headers\": {\n        \"error\": 0,\n        \"message\": \"Success\"\n    },\n    \"body\": {\n        \"program_id\": 2,\n        \"program\": \"BSACF\"\n    }\n}"}]},{"name":"Add A Program","id":"c7a6ff6b-763e-4ee8-a175-fdfc5bed8903","protocolProfileBehavior":{"disableBodyPruning":true},"request":{"auth":{"type":"bearer","bearer":[{"key":"token","value":"{{admin_token}}","type":"string"}]},"method":"POST","header":[],"body":{"mode":"raw","raw":"{\r\n    \"program\":\"BBA\"\r\n}","options":{"raw":{"language":"json"}}},"url":{"raw":"{{base_url}}/programs","host":["{{base_url}}"],"path":["programs"]},"description":"# Add a new program #\n\n## Response ##\n------------\n - `program_id` New program's id.\n - `affected_rows` Should be 1."},"response":[{"id":"18df0b49-583c-499a-8dc2-cfa7bf67a390","name":"Mock Add A Program","originalRequest":{"method":"POST","header":[],"body":{"mode":"raw","raw":"{\r\n    \"program\":\"BBA\"\r\n}","options":{"raw":{"language":"json"}}},"url":{"raw":"{{base_url}}/programs","host":["{{base_url}}"],"path":["programs"]}},"status":"Created","code":201,"_postman_previewlanguage":"json","header":[{"key":"X-Powered-By","value":"Express"},{"key":"Access-Control-Allow-Origin","value":"*"},{"key":"Content-Type","value":"application/json; charset=utf-8"},{"key":"Content-Length","value":"98"},{"key":"ETag","value":"W/\"62-snwZjM/1kopO+unC3r2kQzq9NmA\""},{"key":"Date","value":"Sat, 04 Sep 2021 17:32:12 GMT"},{"key":"Connection","value":"keep-alive"},{"key":"Keep-Alive","value":"timeout=5"}],"cookie":[],"responseTime":null,"body":"{\n    \"headers\": {\n        \"error\": 0,\n        \"message\": \"Program was created!\"\n    },\n    \"body\": {\n        \"program_id\": 3,\n        \"affected_rows\": 1\n    }\n}"}]},{"name":"Update A Program","id":"d52db95b-e5d7-4ee4-a107-eb866fdf7324","protocolProfileBehavior":{"disableBodyPruning":true},"request":{"auth":{"type":"bearer","bearer":[{"key":"token","value":"{{admin_token}}","type":"string"}]},"method":"PATCH","header":[],"body":{"mode":"raw","raw":"{\r\n    \"program\":\"BSSS\"\r\n}","options":{"raw":{"language":"json"}}},"url":{"raw":"{{base_url}}/programs/3","host":["{{base_url}}"],"path":["programs","3"]},"description":"# Update details of a program #\n## Response ##\n------------\n - rows_matched\n - rows_changed\n - info\n\n***Note*** : `message` header indicates result."},"response":[{"id":"86beca28-f42b-433c-8c2f-352c96701ec6","name":"Mock Update A Program","originalRequest":{"method":"PATCH","header":[],"body":{"mode":"raw","raw":"{\r\n    \"program\":\"BSSS\"\r\n}","options":{"raw":{"language":"json"}}},"url":{"raw":"{{base_url}}/programs/3","host":["{{base_url}}"],"path":["programs","3"]}},"status":"OK","code":200,"_postman_previewlanguage":"json","header":[{"key":"X-Powered-By","value":"Express"},{"key":"Access-Control-Allow-Origin","value":"*"},{"key":"Content-Type","value":"application/json; charset=utf-8"},{"key":"Content-Length","value":"157"},{"key":"ETag","value":"W/\"9d-Wr8WTe9S5vJ/pjXc8DJ4XuF2gRY\""},{"key":"Date","value":"Sat, 04 Sep 2021 17:32:22 GMT"},{"key":"Connection","value":"keep-alive"},{"key":"Keep-Alive","value":"timeout=5"}],"cookie":[],"responseTime":null,"body":"{\n    \"headers\": {\n        \"error\": 0,\n        \"message\": \"Program updated successfully\"\n    },\n    \"body\": {\n        \"rows_matched\": 1,\n        \"rows_changed\": 1,\n        \"info\": \"Rows matched: 1  Changed: 1  Warnings: 0\"\n    }\n}"}]},{"name":"Delete A Program","id":"90ad88f5-12ab-410c-b2d3-8ea8f14e059e","protocolProfileBehavior":{"disableBodyPruning":true},"request":{"auth":{"type":"bearer","bearer":[{"key":"token","value":"{{admin_token}}","type":"string"}]},"method":"DELETE","header":[],"url":{"raw":"{{base_url}}/programs/3","host":["{{base_url}}"],"path":["programs","3"]},"description":"# Delete a program #\n## Response ##\n------------\n - rows_removed</ul>\n\n***Note*** : `message` header indicates result."},"response":[{"id":"ccb24d1c-56ae-45e2-828c-4a1ecf31c57e","name":"Mock Delete A Program","originalRequest":{"method":"DELETE","header":[],"url":{"raw":"{{base_url}}/programs/3","host":["{{base_url}}"],"path":["programs","3"]}},"status":"OK","code":200,"_postman_previewlanguage":"json","header":[{"key":"X-Powered-By","value":"Express"},{"key":"Access-Control-Allow-Origin","value":"*"},{"key":"Content-Type","value":"application/json; charset=utf-8"},{"key":"Content-Length","value":"86"},{"key":"ETag","value":"W/\"56-n+rHTnm1aa3ZZjqvypFn5XCoBHs\""},{"key":"Date","value":"Sat, 04 Sep 2021 17:32:33 GMT"},{"key":"Connection","value":"keep-alive"},{"key":"Keep-Alive","value":"timeout=5"}],"cookie":[],"responseTime":null,"body":"{\n    \"headers\": {\n        \"error\": 0,\n        \"message\": \"Program has been deleted\"\n    },\n    \"body\": {\n        \"rows_removed\": 1\n    }\n}"}]}],"auth":{"type":"bearer","bearer":[{"key":"token","value":"{{token}}","type":"string"}]},"event":[{"listen":"prerequest","script":{"id":"25d06650-4953-438f-8346-51e4643e9f92","type":"text/javascript","exec":[""]}},{"listen":"test","script":{"id":"2de99eb8-94b4-434a-b6a6-75508ab94c4c","type":"text/javascript","exec":[""]}}]}