{"info":{"_postman_id":"ea5958ca-5b04-446b-809a-bbb7f0c6ee92","name":"auth","description":"A collection of requests for `/auth` endpoint.","schema":"https://schema.getpostman.com/json/collection/v2.1.0/collection.json"},"item":[{"name":"Register Student","id":"de7abd27-1101-41b9-addf-6624156b5472","protocolProfileBehavior":{"disableBodyPruning":true},"request":{"method":"POST","header":[],"body":{"mode":"raw","raw":"{\r\n    \"erp\": \"15030\",\r\n    \"first_name\": \"Mohammad Rafay\",\r\n    \"last_name\": \"Siddiqui\",\r\n    \"gender\": \"male\",\r\n    \"contact\": \"+923009999999\",\r\n    \"email\": \"rafay.siddiqui58@gmail.com\",\r\n    \"birthday\": \"1999-09-18\",\r\n    \"password\": \"123\",\r\n    \"profile_picture_url\": \"https://i.pinimg.com/564x/8d/e3/89/8de389c84e919d3577f47118e2627d95.jpg\",\r\n    \"graduation_year\": \"2022\",\r\n    \"uni_email\": \"m.rafay.15030@iba.khi.edu.pk\",\r\n    \"hobby_1\": 1,\r\n    \"hobby_2\": 2,\r\n    \"hobby_3\": 3,\r\n    \"interest_1\": 1,\r\n    \"interest_2\": 2,\r\n    \"interest_3\": 3,\r\n    \"campus_id\": 1,\r\n    \"program_id\": 1,\r\n    \"favourite_campus_hangout_spot\": \"CED\",\r\n    \"favourite_campus_activity\": \"Lifting\",\r\n    \"current_status\": 1,\r\n    \"is_active\": 1,\r\n    \"role\": \"api_user\"\r\n}","options":{"raw":{"language":"json"}}},"url":{"raw":"{{base_url}}/auth/register","host":["{{base_url}}"],"path":["auth","register"]},"description":"# Register a new student #\n------------\nThese parameters have special rules:\n### ERP ###\n - Be a **5** digit string.\n\n### Role ###\n`role` can take one of two values:\n - `api_user` for normal user account.\n - `admin` for admin account.\n - `moderator` for account with moderation power.\n\n### Gender ###\n`gender` can take one of two values:\n - `male`\n - `female`\n\n### Contact ###\n - Be a valid **Pakistani** mobile number.\n - Always be started with **+92**.\n\n### Email ###\n - Have a valid email format.\n - Be a real reachable email.\n\n### Uni Email ###\n - Have a valid email format.\n - Be a real reachable email.\n\n### Birthday ###\n - Be a string.\n - Have the format \"yyyy-mm-dd\".\n------------\n## Response ##\n------------\n - student profile\n - `token`"},"response":[{"id":"ef2bcbcd-12b0-49d9-ba8b-1d4f76955a26","name":"Mock Register Student","originalRequest":{"method":"POST","header":[],"body":{"mode":"raw","raw":"{\r\n    \"erp\": \"15030\",\r\n    \"first_name\": \"Mohammad Rafay\",\r\n    \"last_name\": \"Siddiqui\",\r\n    \"gender\": \"male\",\r\n    \"contact\": \"+923009999999\",\r\n    \"email\": \"rafay.siddiqui58@gmail.com\",\r\n    \"birthday\": \"1999-09-18\",\r\n    \"password\": \"123\",\r\n    \"profile_picture_url\": \"https://i.pinimg.com/564x/8d/e3/89/8de389c84e919d3577f47118e2627d95.jpg\",\r\n    \"graduation_year\": \"2022\",\r\n    \"uni_email\": \"m.rafay.15030@iba.khi.edu.pk\",\r\n    \"hobby_1\": 1,\r\n    \"hobby_2\": 2,\r\n    \"hobby_3\": 3,\r\n    \"interest_1\": 1,\r\n    \"interest_2\": 2,\r\n    \"interest_3\": 3,\r\n    \"campus_id\": 1,\r\n    \"program_id\": 1,\r\n    \"favourite_campus_hangout_spot\": \"CED\",\r\n    \"favourite_campus_activity\": \"Lifting\",\r\n    \"current_status\": 1,\r\n    \"is_active\": 1,\r\n    \"role\": \"api_user\"\r\n}","options":{"raw":{"language":"json"}}},"url":{"raw":"{{base_url}}/auth/register","host":["{{base_url}}"],"path":["auth","register"]}},"status":"Created","code":201,"_postman_previewlanguage":"json","header":[{"key":"X-Powered-By","value":"Express"},{"key":"Access-Control-Allow-Origin","value":"*"},{"key":"Content-Type","value":"application/json; charset=utf-8"},{"key":"Content-Length","value":"781"},{"key":"ETag","value":"W/\"30d-NIXJnDVoGBWfrq0NF6IqsMDut7w\""},{"key":"Date","value":"Sun, 29 Aug 2021 14:13:39 GMT"},{"key":"Connection","value":"keep-alive"},{"key":"Keep-Alive","value":"timeout=5"}],"cookie":[],"responseTime":null,"body":"{\n    \"headers\": {\n        \"error\": 0,\n        \"message\": \"Registered\"\n    },\n    \"body\": {\n        \"erp\": \"15030\",\n        \"first_name\": \"Mohammad Rafay\",\n        \"last_name\": \"Siddiqui\",\n        \"gender\": \"male\",\n        \"contact\": \"+923009999999\",\n        \"email\": \"rafaysiddiqui58@gmail.com\",\n        \"birthday\": \"1999-09-18\",\n        \"profile_picture_url\": \"https://i.pinimg.com/564x/8d/e3/89/8de389c84e919d3577f47118e2627d95.jpg\",\n        \"graduation_year\": 2022,\n        \"uni_email\": \"m.rafay.15030@iba.khi.edu.pk\",\n        \"hobby_1\": 1,\n        \"hobby_2\": 2,\n        \"hobby_3\": 3,\n        \"interest_1\": 1,\n        \"interest_2\": 2,\n        \"interest_3\": 3,\n        \"program_id\": 1,\n        \"campus_id\": 1,\n        \"favourite_campus_hangout_spot\": \"CED\",\n        \"favourite_campus_activity\": \"Lifting\",\n        \"current_status\": 1,\n        \"is_active\": 1,\n        \"role\": \"api_user\",\n        \"token\": \"eyJhbGciOiJIUzI1NiIsInR5cCI6IkpXVCJ9.eyJlcnAiOiIxNTAzMCIsImlhdCI6MTYzMDI0NjQxOSwiZXhwIjoxNjMwNTA1NjE5fQ.oHir4g5wETGMz9Uca7ASGxIKk9fF_QYFS7CgA-hqT0g\"\n    }\n}"}]},{"name":"Login Student","id":"d04c4f9d-3d93-40d3-9258-1ff13a8a209a","protocolProfileBehavior":{"disableBodyPruning":true},"request":{"method":"POST","header":[],"body":{"mode":"raw","raw":"{\r\n    \"erp\": \"17855\",\r\n    \"password\": \"123\"\r\n}","options":{"raw":{"language":"json"}}},"url":{"raw":"{{base_url}}/auth/login","host":["{{base_url}}"],"path":["auth","login"]},"description":"# Login a student #\n------------\nThese parameters have special rules:\n### ERP ###\n - Be a **5** digit string.\n\n## Response ##\n------------\n- `erp`\n- `first_name`\n- `last_name`\n- `gender`\n- `contact`\n- `email`\n- `birthday`\n- `profile_picture_url`\n- `graduation_year`\n- `uni_email`\n- `hobby1`\n- `hobby2`\n- `hobby3`\n- `interest1`\n- `interest2`\n- `interest3`\n- `program_id`\n- `campus_id`\n- `favourite_campus_hangout_spot`\n- `favourite_campus_activity`\n- `current_user_status`\n- `is_active`\n- `role`\n- `token`"},"response":[{"id":"436a6552-ac97-4e91-a93b-5d47fc2c0447","name":"Mock Login Student","originalRequest":{"method":"POST","header":[],"body":{"mode":"raw","raw":"{\r\n    \"erp\": \"17855\",\r\n    \"password\": \"123\"\r\n}","options":{"raw":{"language":"json"}}},"url":{"raw":"{{base_url}}/auth/login","host":["{{base_url}}"],"path":["auth","login"]}},"status":"OK","code":200,"_postman_previewlanguage":"json","header":[{"key":"X-Powered-By","value":"Express"},{"key":"Access-Control-Allow-Origin","value":"*"},{"key":"Content-Type","value":"application/json; charset=utf-8"},{"key":"Content-Length","value":"776"},{"key":"ETag","value":"W/\"308-rI1CAaoal7unWNR1x4ldJkf6jAY\""},{"key":"Date","value":"Thu, 26 Aug 2021 21:25:03 GMT"},{"key":"Connection","value":"keep-alive"},{"key":"Keep-Alive","value":"timeout=5"}],"cookie":[],"responseTime":null,"body":"{\n    \"headers\": {\n        \"error\": 0,\n        \"message\": \"Authenticated\"\n    },\n    \"body\": {\n        \"erp\": \"17855\",\n        \"first_name\": \"Abdur Rafay\",\n        \"last_name\": \"Saleem\",\n        \"gender\": \"male\",\n        \"contact\": \"+923009999999\",\n        \"email\": \"arafaysaleem@gmail.com\",\n        \"birthday\": \"1999-09-18\",\n        \"profile_picture_url\": \"https://i.pinimg.com/564x/8d/e3/89/8de389c84e919d3577f47118e2627d95.jpg\",\n        \"graduation_year\": 2022,\n        \"uni_email\": \"a.rafay.17855@iba.khi.edu.pk\",\n        \"hobby_1\": 1,\n        \"hobby_2\": 2,\n        \"hobby_3\": 3,\n        \"interest_1\": 1,\n        \"interest_2\": 2,\n        \"interest_3\": 3,\n        \"program_id\": 1,\n        \"campus_id\": 1,\n        \"favourite_campus_hangout_spot\": \"CED\",\n        \"favourite_campus_activity\": \"Lifting\",\n        \"current_status\": 1,\n        \"is_active\": 1,\n        \"role\": \"api_user\",\n        \"token\": \"eyJhbGciOiJIUzI1NiIsInR5cCI6IkpXVCJ9.eyJlcnAiOiIxNzg1NSIsImlhdCI6MTYzMDAxMzEwMywiZXhwIjoxNjMwMjcyMzAzfQ.VMcjA3JcOTDlg6roDKBJjJBHShzjemeGh2w6degMfkc\"\n    }\n}"}]},{"name":"Change Password","id":"cd5a0eca-5352-484e-a4bd-9d424f646f44","protocolProfileBehavior":{"disableBodyPruning":true},"request":{"method":"PATCH","header":[],"body":{"mode":"raw","raw":"{\r\n    \"erp\":\"17855\",\r\n    \"old_password\": \"123\",\r\n    \"new_password\":\"123\"\r\n}","options":{"raw":{"language":"json"}}},"url":{"raw":"{{base_url}}/auth/change-password","host":["{{base_url}}"],"path":["auth","change-password"]},"description":"# Change password #\n-------------------\nThese parameters have special rules:\n### ERP ###\n - Be a **5** digit string.\n\n## Response ##\n------------\n - rows_matched\n - rows_changed\n - info</ul>\n\n***Note*** : `message` header indicates status."},"response":[{"id":"e7251806-31d9-418d-b200-fe76a22a4057","name":"Mock Change Password","originalRequest":{"method":"PATCH","header":[],"body":{"mode":"raw","raw":"{\r\n    \"erp\":\"17855\",\r\n    \"old_password\": \"123\",\r\n    \"new_password\":\"123\"\r\n}","options":{"raw":{"language":"json"}}},"url":{"raw":"{{base_url}}/auth/change-password","host":["{{base_url}}"],"path":["auth","change-password"]}},"status":"OK","code":200,"_postman_previewlanguage":"json","header":[{"key":"X-Powered-By","value":"Express"},{"key":"Access-Control-Allow-Origin","value":"*"},{"key":"Content-Type","value":"application/json; charset=utf-8"},{"key":"Content-Length","value":"158"},{"key":"ETag","value":"W/\"9e-DxP0lcljyZXA6QGqECjPAa2OG8Q\""},{"key":"Date","value":"Sun, 29 Aug 2021 19:13:24 GMT"},{"key":"Connection","value":"keep-alive"},{"key":"Keep-Alive","value":"timeout=5"}],"cookie":[],"responseTime":null,"body":"{\n    \"headers\": {\n        \"error\": 0,\n        \"message\": \"Password changed successfully\"\n    },\n    \"body\": {\n        \"rows_matched\": 1,\n        \"rows_changed\": 1,\n        \"info\": \"Rows matched: 1  Changed: 1  Warnings: 0\"\n    }\n}"}]},{"name":"Refresh Token","id":"7b89adb7-7be7-4606-9e4b-0ecc3268cb02","protocolProfileBehavior":{"disableBodyPruning":true},"request":{"method":"POST","header":[],"body":{"mode":"raw","raw":"{\r\n    \"erp\":\"17855\",\r\n    \"password\":\"123\",\r\n    \"old_token\":\"eyJhbGciOiJIUzI1NiIsInR5cCI6IkpXVCJ9.eyJlcnAiOiIxNzg1NSIsImlhdCI6MTYzMDI0NTE3MywiZXhwIjoxNjMwNTA0MzczfQ.wLTk12VuKOXe_uOomr-kfqyBV-_UAWqfiE0MFKt33XI\"\r\n}","options":{"raw":{"language":"json"}}},"url":{"raw":"{{base_url}}/auth/refresh-token","host":["{{base_url}}"],"path":["auth","refresh-token"]},"description":"# Refresh Token #\n------------\nThe following parameters have special rules:\n### Old Token ###\n - Have a valid token format.\n - Signed by the erp of the user requesting the refresh.\n - Be a valid previously generated token.\n\n------------\n## Response ##\n------------\n - `token` The new token."},"response":[{"id":"3c1e7ddb-8b25-4e09-837a-045cb9c89564","name":"Mock Refresh Token","originalRequest":{"method":"POST","header":[],"body":{"mode":"raw","raw":"{\r\n    \"erp\":\"17855\",\r\n    \"password\":\"123\",\r\n    \"old_token\":\"eyJhbGciOiJIUzI1NiIsInR5cCI6IkpXVCJ9.eyJlcnAiOiIxNzg1NSIsImlhdCI6MTYzMDI0NTE3MywiZXhwIjoxNjMwNTA0MzczfQ.wLTk12VuKOXe_uOomr-kfqyBV-_UAWqfiE0MFKt33XI\"\r\n}","options":{"raw":{"language":"json"}}},"url":{"raw":"{{base_url}}/auth/refresh-token","host":["{{base_url}}"],"path":["auth","refresh-token"]}},"status":"OK","code":200,"_postman_previewlanguage":"json","header":[{"key":"X-Powered-By","value":"Express"},{"key":"Access-Control-Allow-Origin","value":"*"},{"key":"Content-Type","value":"application/json; charset=utf-8"},{"key":"Content-Length","value":"212"},{"key":"ETag","value":"W/\"d4-xci5Pp7CBrfujDUbrMYRFrCvSZk\""},{"key":"Date","value":"Sun, 29 Aug 2021 13:53:04 GMT"},{"key":"Connection","value":"keep-alive"},{"key":"Keep-Alive","value":"timeout=5"}],"cookie":[],"responseTime":null,"body":"{\n    \"headers\": {\n        \"error\": 0,\n        \"message\": \"Refreshed\"\n    },\n    \"body\": {\n        \"token\": \"eyJhbGciOiJIUzI1NiIsInR5cCI6IkpXVCJ9.eyJlcnAiOiIxNzg1NSIsImlhdCI6MTYzMDI0NTE4NCwiZXhwIjoxNjMwNTA0Mzg0fQ.6wSL3mCaYcteF3y95M476h0eYgqrFhZ3sxULMToNxk0\"\n    }\n}"}]},{"name":"Send OTP","id":"5d66830b-6ba5-4965-86f1-d66712e1656d","protocolProfileBehavior":{"disableBodyPruning":true},"request":{"method":"POST","header":[],"body":{"mode":"raw","raw":"{\r\n    \"erp\":\"17855\"\r\n}","options":{"raw":{"language":"json"}}},"url":{"raw":"{{base_url}}/auth/forgot/send-otp","host":["{{base_url}}"],"path":["auth","forgot","send-otp"]},"description":"# Begin forgot password procedure #\n## Response ##\n------------\n- None </ul>\n***NOTE*** : *Sends an OTP code at the email of the provided erp.*"},"response":[{"id":"16190486-7832-434a-9b2b-f90937230c64","name":"Mock Send OTP","originalRequest":{"method":"POST","header":[],"body":{"mode":"raw","raw":"{\r\n    \"erp\":\"17855\"\r\n}","options":{"raw":{"language":"json"}}},"url":{"raw":"{{base_url}}/auth/forgot/send-otp","host":["{{base_url}}"],"path":["auth","forgot","send-otp"]}},"status":"OK","code":200,"_postman_previewlanguage":"json","header":[{"key":"X-Powered-By","value":"Express"},{"key":"Access-Control-Allow-Origin","value":"*"},{"key":"Content-Type","value":"application/json; charset=utf-8"},{"key":"Content-Length","value":"78"},{"key":"ETag","value":"W/\"4e-XOP9slKxWnLwrwvIdF3qrWBoGsE\""},{"key":"Date","value":"Mon, 30 Aug 2021 17:57:13 GMT"},{"key":"Connection","value":"keep-alive"},{"key":"Keep-Alive","value":"timeout=5"}],"cookie":[],"responseTime":null,"body":"{\n    \"headers\": {\n        \"error\": 0,\n        \"message\": \"OTP generated and sent via email\"\n    },\n    \"body\": {}\n}"}]},{"name":"Verify OTP","id":"394374e8-dd15-488b-8ed3-c0f0980d7791","protocolProfileBehavior":{"disableBodyPruning":true},"request":{"method":"POST","header":[],"body":{"mode":"raw","raw":"{\r\n    \"erp\":\"17855\",\r\n    \"otp\":\"5642\"\r\n}","options":{"raw":{"language":"json"}}},"url":{"raw":"{{base_url}}/auth/forgot/verify-otp","host":["{{base_url}}"],"path":["auth","forgot","verify-otp"]},"description":"# Verify OTP code #\n------------\nThese parameters have special rules:\n### OTP ###\n - Be a **4** digit string.\n------------\n## Response ##\n------------\n - None </ul>\n\n***NOTE*** : `message` header indicates success."},"response":[{"id":"b1e04394-0a2b-4048-a215-73c698bcbd88","name":"Mock Verify OTP","originalRequest":{"method":"POST","header":[],"body":{"mode":"raw","raw":"{\r\n    \"erp\":\"17855\",\r\n    \"otp\":\"7537\"\r\n}","options":{"raw":{"language":"json"}}},"url":{"raw":"{{base_url}}/auth/forgot/verify-otp","host":["{{base_url}}"],"path":["auth","forgot","verify-otp"]}},"status":"OK","code":200,"_postman_previewlanguage":"json","header":[{"key":"X-Powered-By","value":"Express"},{"key":"Access-Control-Allow-Origin","value":"*"},{"key":"Content-Type","value":"application/json; charset=utf-8"},{"key":"Content-Length","value":"70"},{"key":"ETag","value":"W/\"46-LJsTGTY2A9vAXGq5xNXnqXo/uRw\""},{"key":"Date","value":"Mon, 30 Aug 2021 18:03:08 GMT"},{"key":"Connection","value":"keep-alive"},{"key":"Keep-Alive","value":"timeout=5"}],"cookie":[],"responseTime":null,"body":"{\n    \"headers\": {\n        \"error\": 0,\n        \"message\": \"OTP verified succesfully\"\n    },\n    \"body\": {}\n}"}]},{"name":"Reset Password","id":"e761b7bc-789e-4584-8198-f806500cf318","protocolProfileBehavior":{"disableBodyPruning":true},"request":{"method":"PATCH","header":[],"body":{"mode":"raw","raw":"{\r\n    \"erp\":\"17855\",\r\n    \"new_password\": \"123\"\r\n}","options":{"raw":{"language":"json"}}},"url":{"raw":"{{base_url}}/auth/forgot/reset-password","host":["{{base_url}}"],"path":["auth","forgot","reset-password"]},"description":"# Reset password #\n-------------------\nThese parameters have special rules:\n### ERP ###\n - Be a **5** digit string.\n\n## Response ##\n------------\n - rows_matched\n - rows_changed\n - info</ul>\n\n***Note*** : `message` header indicates status."},"response":[{"id":"c4b1df42-b1a6-4793-a2cf-054463571cf9","name":"Mock Reset Password","originalRequest":{"method":"PATCH","header":[],"body":{"mode":"raw","raw":"{\r\n    \"erp\":\"17855\",\r\n    \"new_password\": \"123\"\r\n}","options":{"raw":{"language":"json"}}},"url":{"raw":"{{base_url}}/auth/forgot/reset-password","host":["{{base_url}}"],"path":["auth","forgot","reset-password"]}},"status":"OK","code":200,"_postman_previewlanguage":"json","header":[{"key":"X-Powered-By","value":"Express"},{"key":"Access-Control-Allow-Origin","value":"*"},{"key":"Content-Type","value":"application/json; charset=utf-8"},{"key":"Content-Length","value":"156"},{"key":"ETag","value":"W/\"9c-wzeLDTIaHnqPWk4s5e4brAQNu20\""},{"key":"Date","value":"Mon, 30 Aug 2021 18:05:25 GMT"},{"key":"Connection","value":"keep-alive"},{"key":"Keep-Alive","value":"timeout=5"}],"cookie":[],"responseTime":null,"body":"{\n    \"headers\": {\n        \"error\": 0,\n        \"message\": \"Password reset successfully\"\n    },\n    \"body\": {\n        \"rows_matched\": 1,\n        \"rows_changed\": 1,\n        \"info\": \"Rows matched: 1  Changed: 1  Warnings: 0\"\n    }\n}"}]}],"event":[{"listen":"prerequest","script":{"id":"0a3df42f-c18f-4aae-a1dc-34073cf57d5c","type":"text/javascript","exec":[""]}},{"listen":"test","script":{"id":"be6fe986-bf69-4729-8f28-1dab982da8f8","type":"text/javascript","exec":[""]}}]}