{"info":{"_postman_id":"f1dc0ccf-415d-4360-905f-834d98ac78c8","name":"campus spots","description":"A collection with requests for `/campus-spots` endpoint.","schema":"https://schema.getpostman.com/json/collection/v2.1.0/collection.json"},"item":[{"name":"Get All Campus Spots","id":"caab715f-5122-4a93-a663-2f7b11ba9813","protocolProfileBehavior":{"disableBodyPruning":true},"request":{"method":"GET","header":[],"url":{"raw":"{{base_url}}/campus-spots","host":["{{base_url}}"],"path":["campus-spots"]},"description":"# Get all campus spots #\n\n## Response ##\n------------\nList of campus spot details where each list item contains:\n - `campus_spot_id`\n - `campus_id`\n - `campus_spot`"},"response":[{"id":"a63f576b-dd20-409f-8049-2a339f7740f2","name":"Mock Get All Campus Spots","originalRequest":{"method":"GET","header":[],"url":{"raw":"{{base_url}}/campus-spots","host":["{{base_url}}"],"path":["campus-spots"]}},"status":"OK","code":200,"_postman_previewlanguage":"json","header":[{"key":"X-Powered-By","value":"Express"},{"key":"Access-Control-Allow-Origin","value":"*"},{"key":"Content-Type","value":"application/json; charset=utf-8"},{"key":"Content-Length","value":"634"},{"key":"ETag","value":"W/\"27a-oXsfP/iuAvYKq26K/I39AZhYmsk\""},{"key":"Date","value":"Mon, 13 Sep 2021 07:24:49 GMT"},{"key":"Connection","value":"keep-alive"},{"key":"Keep-Alive","value":"timeout=5"}],"cookie":[],"responseTime":null,"body":"{\n    \"headers\": {\n        \"error\": 0,\n        \"message\": \"Success\"\n    },\n    \"body\": [\n        {\n            \"campus_spot_id\": 2,\n            \"campus_spot\": \"Tabba 1st Floor (Lab Wing)\",\n            \"campus_id\": 1\n        },\n        {\n            \"campus_spot_id\": 3,\n            \"campus_spot\": \"Tabba Ground Floor (Lab Wing)\",\n            \"campus_id\": 1\n        },\n        {\n            \"campus_spot_id\": 4,\n            \"campus_spot\": \"Tabba Ground Floor (Offices Wing)\",\n            \"campus_id\": 1\n        },\n        {\n            \"campus_spot_id\": 5,\n            \"campus_spot\": \"Tabba 1st Floor (Offices Wing)\",\n            \"campus_id\": 1\n        },\n        {\n            \"campus_spot_id\": 6,\n            \"campus_spot\": \"Courtyard\",\n            \"campus_id\": 1\n        },\n        {\n            \"campus_spot_id\": 7,\n            \"campus_spot\": \"Student Center (SC)\",\n            \"campus_id\": 1\n        },\n        {\n            \"campus_spot_id\": 8,\n            \"campus_spot\": \"Auditorium\",\n            \"campus_id\": 1\n        },\n        {\n            \"campus_spot_id\": 9,\n            \"campus_spot\": \"Auditorium\",\n            \"campus_id\": 2\n        }\n    ]\n}"}]},{"name":"Get Campus Spots By Id","id":"49e82c29-98a1-4945-ad7b-128665e93a29","protocolProfileBehavior":{"disableBodyPruning":true},"request":{"method":"GET","header":[],"url":{"raw":"{{base_url}}/campus-spots/2","host":["{{base_url}}"],"path":["campus-spots","2"]},"description":"# Get an campus spot by id #\n\n## Response ##\n------------\n - `campus_spot_id`\n - `campus_id`\n - `campus_spot`"},"response":[{"id":"83adcfdb-7a8d-430b-bce2-049da3e3db4d","name":"Mock Get Campus Spots By Id","originalRequest":{"method":"GET","header":[],"url":{"raw":"{{base_url}}/campus-spots/2","host":["{{base_url}}"],"path":["campus-spots","2"]}},"status":"OK","code":200,"_postman_previewlanguage":"json","header":[{"key":"X-Powered-By","value":"Express"},{"key":"Access-Control-Allow-Origin","value":"*"},{"key":"Content-Type","value":"application/json; charset=utf-8"},{"key":"Content-Length","value":"128"},{"key":"ETag","value":"W/\"80-IeYrf3+Itl7xAGyOCw9gHFGzOu4\""},{"key":"Date","value":"Mon, 13 Sep 2021 07:25:18 GMT"},{"key":"Connection","value":"keep-alive"},{"key":"Keep-Alive","value":"timeout=5"}],"cookie":[],"responseTime":null,"body":"{\n    \"headers\": {\n        \"error\": 0,\n        \"message\": \"Success\"\n    },\n    \"body\": {\n        \"campus_spot_id\": 2,\n        \"campus_spot\": \"Tabba 1st Floor (Lab Wing)\",\n        \"campus_id\": 1\n    }\n}"}]},{"name":"Add A Campus Spot","id":"57df7493-f9b5-4f0d-b12e-bacb58020fdb","protocolProfileBehavior":{"disableBodyPruning":true},"request":{"auth":{"type":"bearer","bearer":[{"key":"token","value":"{{admin_token}}","type":"string"}]},"method":"POST","header":[],"body":{"mode":"raw","raw":"{\r\n    \"campus_spot\":\"Tabba 1st Floor (Lab Wing)\",\r\n    \"campus_id\": 1\r\n}","options":{"raw":{"language":"json"}}},"url":{"raw":"{{base_url}}/campus-spots","host":["{{base_url}}"],"path":["campus-spots"]},"description":"# Add a new campus spot #\n\n## Response ##\n------------\n - `campus_spot_id` New campus spot's id.\n - `affected_rows` Should be 1."},"response":[{"id":"dc6ddf6b-2af8-4d36-962d-4d0ee0784872","name":"Mock Add A Campus Spot","originalRequest":{"method":"POST","header":[],"body":{"mode":"raw","raw":"{\r\n    \"campus_spot\":\"Tabba 1st Floor (Lab Wing)\",\r\n    \"campus_id\": 1\r\n}","options":{"raw":{"language":"json"}}},"url":{"raw":"{{base_url}}/campus-spots","host":["{{base_url}}"],"path":["campus-spots"]}},"status":"Created","code":201,"_postman_previewlanguage":"json","header":[{"key":"X-Powered-By","value":"Express"},{"key":"Access-Control-Allow-Origin","value":"*"},{"key":"Content-Type","value":"application/json; charset=utf-8"},{"key":"Content-Length","value":"106"},{"key":"ETag","value":"W/\"6a-92ECK1oxuBv6IOcefJHV7scarR8\""},{"key":"Date","value":"Mon, 13 Sep 2021 07:21:25 GMT"},{"key":"Connection","value":"keep-alive"},{"key":"Keep-Alive","value":"timeout=5"}],"cookie":[],"responseTime":null,"body":"{\n    \"headers\": {\n        \"error\": 0,\n        \"message\": \"Campus spot was created!\"\n    },\n    \"body\": {\n        \"campus_spot_id\": 2,\n        \"affected_rows\": 1\n    }\n}"}]},{"name":"Update A Campus Spot","id":"c6a4ce49-5466-46ea-832e-906418253947","protocolProfileBehavior":{"disableBodyPruning":true},"request":{"auth":{"type":"bearer","bearer":[{"key":"token","value":"{{admin_token}}","type":"string"}]},"method":"PATCH","header":[],"body":{"mode":"raw","raw":"{\r\n    \"campus_spot\":\"Auditorium\"\r\n}","options":{"raw":{"language":"json"}}},"url":{"raw":"{{base_url}}/campus-spots/8","host":["{{base_url}}"],"path":["campus-spots","8"]},"description":"# Update details of a campus spot #\n## Response ##\n------------\n - rows_matched\n - rows_changed\n - info\n\n***Note*** : `message` header indicates result."},"response":[{"id":"01992a29-f3a4-451c-8a51-b1667121547a","name":"Mock Update A Campus Spot","originalRequest":{"method":"PATCH","header":[],"body":{"mode":"raw","raw":"{\r\n    \"campus_spot\":\"Audi\"\r\n}","options":{"raw":{"language":"json"}}},"url":{"raw":"{{base_url}}/campus-spots/8","host":["{{base_url}}"],"path":["campus-spots","8"]}},"status":"OK","code":200,"_postman_previewlanguage":"json","header":[{"key":"X-Powered-By","value":"Express"},{"key":"Access-Control-Allow-Origin","value":"*"},{"key":"Content-Type","value":"application/json; charset=utf-8"},{"key":"Content-Length","value":"161"},{"key":"ETag","value":"W/\"a1-m5nKibwLLEG3E65BBthQOIjzmq8\""},{"key":"Date","value":"Mon, 13 Sep 2021 07:26:13 GMT"},{"key":"Connection","value":"keep-alive"},{"key":"Keep-Alive","value":"timeout=5"}],"cookie":[],"responseTime":null,"body":"{\n    \"headers\": {\n        \"error\": 0,\n        \"message\": \"Campus spot updated successfully\"\n    },\n    \"body\": {\n        \"rows_matched\": 1,\n        \"rows_changed\": 1,\n        \"info\": \"Rows matched: 1  Changed: 1  Warnings: 0\"\n    }\n}"}]},{"name":"Delete A Campus Spot","id":"a834269d-18f8-4ab4-952a-0c70ce9820ca","protocolProfileBehavior":{"disableBodyPruning":true},"request":{"auth":{"type":"bearer","bearer":[{"key":"token","value":"{{admin_token}}","type":"string"}]},"method":"DELETE","header":[],"url":{"raw":"{{base_url}}/campus-spots/11","host":["{{base_url}}"],"path":["campus-spots","11"]},"description":"# Delete a campus spot #\n## Response ##\n------------\n - rows_removed</ul>\n\n***Note*** : `message` header indicates result."},"response":[{"id":"7bd3bed0-2adf-48ad-aeee-17b599b9aa2b","name":"Mock Delete A Campus Spot","originalRequest":{"method":"DELETE","header":[],"url":{"raw":"{{base_url}}/campus-spots/11","host":["{{base_url}}"],"path":["campus-spots","11"]}},"status":"OK","code":200,"_postman_previewlanguage":"json","header":[{"key":"X-Powered-By","value":"Express"},{"key":"Access-Control-Allow-Origin","value":"*"},{"key":"Content-Type","value":"application/json; charset=utf-8"},{"key":"Content-Length","value":"90"},{"key":"ETag","value":"W/\"5a-RS4lxYtTexh0mcxP1raKeWvGPWY\""},{"key":"Date","value":"Mon, 13 Sep 2021 07:28:22 GMT"},{"key":"Connection","value":"keep-alive"},{"key":"Keep-Alive","value":"timeout=5"}],"cookie":[],"responseTime":null,"body":"{\n    \"headers\": {\n        \"error\": 0,\n        \"message\": \"Campus spot has been deleted\"\n    },\n    \"body\": {\n        \"rows_removed\": 1\n    }\n}"}]}],"auth":{"type":"bearer","bearer":[{"key":"token","value":"{{token}}","type":"string"}]},"event":[{"listen":"prerequest","script":{"id":"0b06743b-c1bd-4ab4-b30a-263953cbdc2d","type":"text/javascript","exec":[""]}},{"listen":"test","script":{"id":"05cbedb3-02b2-4c75-8b5e-eee792e199ce","type":"text/javascript","exec":[""]}}]}