{"info":{"_postman_id":"a2a839c6-270e-4a1c-b46b-44ec18d86ca8","name":"students","description":"A collection with requests for `/campuses` endpoint.","schema":"https://schema.getpostman.com/json/collection/v2.1.0/collection.json"},"item":[{"name":"Get All Students","id":"9bb0c46f-fd2f-474a-aec8-2f7eaf15e870","protocolProfileBehavior":{"disableBodyPruning":true},"request":{"method":"GET","header":[],"url":{"raw":"{{base_url}}/students?graduation_year=2022","host":["{{base_url}}"],"path":["students"],"query":[{"key":"graduation_year","value":"2022"}]},"description":"# Get all campuses #\n\n## Response ##\n------------\nList of campus details where each list item contains:\n - `campus_id`\n - `campus`"},"response":[{"id":"0d006b16-c090-4d66-9d80-0c7999f43f56","name":"Mock Get All Students","originalRequest":{"method":"GET","header":[],"url":{"raw":"{{base_url}}/students?graduation_year=2022","host":["{{base_url}}"],"path":["students"],"query":[{"key":"graduation_year","value":"2022"}]}},"status":"OK","code":200,"_postman_previewlanguage":"json","header":[{"key":"X-Powered-By","value":"Express"},{"key":"Access-Control-Allow-Origin","value":"*"},{"key":"Content-Type","value":"application/json; charset=utf-8"},{"key":"Content-Length","value":"1181"},{"key":"ETag","value":"W/\"49d-fFcgAOgcn6Vehauddd/XvfBzaQ0\""},{"key":"Date","value":"Wed, 08 Sep 2021 07:42:27 GMT"},{"key":"Connection","value":"keep-alive"},{"key":"Keep-Alive","value":"timeout=5"}],"cookie":[],"responseTime":null,"body":"{\n    \"headers\": {\n        \"error\": 0,\n        \"message\": \"Success\"\n    },\n    \"body\": [\n        {\n            \"erp\": \"15030\",\n            \"first_name\": \"Mohammad Rafay\",\n            \"last_name\": \"Siddiqui\",\n            \"gender\": \"male\",\n            \"contact\": \"+923009999999\",\n            \"email\": \"rafaysiddiqui58@gmail.com\",\n            \"birthday\": \"1999-09-18\",\n            \"profile_picture_url\": \"https://i.pinimg.com/564x/8d/e3/89/8de389c84e919d3577f47118e2627d95.jpg\",\n            \"graduation_year\": 2022,\n            \"uni_email\": \"m.rafay.15030@iba.khi.edu.pk\",\n            \"hobby_1\": 1,\n            \"hobby_2\": 2,\n            \"hobby_3\": 3,\n            \"interest_1\": 1,\n            \"interest_2\": 2,\n            \"interest_3\": 3,\n            \"program_id\": 1,\n            \"campus_id\": 1,\n            \"favourite_campus_hangout_spot\": \"CED\",\n            \"favourite_campus_activity\": \"Lifting\",\n            \"current_status\": 1,\n            \"is_active\": 1,\n            \"role\": \"admin\"\n        },\n        {\n            \"erp\": \"17855\",\n            \"first_name\": \"Abdur Rafay\",\n            \"last_name\": \"Saleem\",\n            \"gender\": \"male\",\n            \"contact\": \"+923009999999\",\n            \"email\": \"arafaysaleem@gmail.com\",\n            \"birthday\": \"1999-09-18\",\n            \"profile_picture_url\": \"https://i.pinimg.com/564x/8d/e3/89/8de389c84e919d3577f47118e2627d95.jpg\",\n            \"graduation_year\": 2022,\n            \"uni_email\": \"a.rafay.17855@iba.khi.edu.pk\",\n            \"hobby_1\": 1,\n            \"hobby_2\": 2,\n            \"hobby_3\": 3,\n            \"interest_1\": 1,\n            \"interest_2\": 2,\n            \"interest_3\": 3,\n            \"program_id\": 1,\n            \"campus_id\": 1,\n            \"favourite_campus_hangout_spot\": \"CED\",\n            \"favourite_campus_activity\": \"Lifting\",\n            \"current_status\": 1,\n            \"is_active\": 1,\n            \"role\": \"api_user\"\n        }\n    ]\n}"}]},{"name":"Get Student By ERP","id":"9d58481c-188a-4e81-a229-64aa01d85aa1","protocolProfileBehavior":{"disableBodyPruning":true},"request":{"method":"GET","header":[],"url":{"raw":"{{base_url}}/students/15030","host":["{{base_url}}"],"path":["students","15030"]},"description":"# Get an campus by id #\n\n## Response ##\n------------\n - `campus_id`\n - `campus`"},"response":[{"id":"4d992e52-9c72-4c65-af8f-290e7463ccda","name":"Mock Get Student By ERP","originalRequest":{"method":"GET","header":[],"url":{"raw":"{{base_url}}/students/15030","host":["{{base_url}}"],"path":["students","15030"]}},"status":"OK","code":200,"_postman_previewlanguage":"json","header":[{"key":"X-Powered-By","value":"Express"},{"key":"Access-Control-Allow-Origin","value":"*"},{"key":"Content-Type","value":"application/json; charset=utf-8"},{"key":"Content-Length","value":"617"},{"key":"ETag","value":"W/\"269-t/uHs7wp7Fpda3VU32I9U3F3dzE\""},{"key":"Date","value":"Wed, 08 Sep 2021 07:45:31 GMT"},{"key":"Connection","value":"keep-alive"},{"key":"Keep-Alive","value":"timeout=5"}],"cookie":[],"responseTime":null,"body":"{\n    \"headers\": {\n        \"error\": 0,\n        \"message\": \"Success\"\n    },\n    \"body\": {\n        \"erp\": \"15030\",\n        \"first_name\": \"Mohammad Rafay\",\n        \"last_name\": \"Siddiqui\",\n        \"gender\": \"male\",\n        \"contact\": \"+923009999999\",\n        \"email\": \"rafaysiddiqui58@gmail.com\",\n        \"birthday\": \"1999-09-18\",\n        \"profile_picture_url\": \"https://i.pinimg.com/564x/8d/e3/89/8de389c84e919d3577f47118e2627d95.jpg\",\n        \"graduation_year\": 2022,\n        \"uni_email\": \"m.rafay.15030@iba.khi.edu.pk\",\n        \"hobby_1\": 1,\n        \"hobby_2\": 2,\n        \"hobby_3\": 3,\n        \"interest_1\": 1,\n        \"interest_2\": 2,\n        \"interest_3\": 3,\n        \"program_id\": 1,\n        \"campus_id\": 1,\n        \"favourite_campus_hangout_spot\": \"CED\",\n        \"favourite_campus_activity\": \"Lifting\",\n        \"current_status\": 1,\n        \"is_active\": 1,\n        \"role\": \"admin\"\n    }\n}"}]},{"name":"Update A Student (Admin)","id":"90021dbe-d67d-4c23-aecc-b1acaaf08fc4","protocolProfileBehavior":{"disableBodyPruning":true},"request":{"method":"PATCH","header":[],"body":{"mode":"raw","raw":"{\r\n    \"last_name\":\"Saleem\"\r\n}","options":{"raw":{"language":"json"}}},"url":{"raw":"{{base_url}}/students/17855","host":["{{base_url}}"],"path":["students","17855"]},"description":"# Update details of a campus #\n## Response ##\n------------\n - rows_matched\n - rows_changed\n - info\n\n***Note*** : `message` header indicates result."},"response":[{"id":"211281bb-3683-4629-a2c8-14d94501c504","name":"Mock Update A Student (Admin)","originalRequest":{"method":"PATCH","header":[],"body":{"mode":"raw","raw":"{\r\n    \"last_name\":\"test\"\r\n}","options":{"raw":{"language":"json"}}},"url":{"raw":"{{base_url}}/students/17855","host":["{{base_url}}"],"path":["students","17855"]}},"status":"OK","code":200,"_postman_previewlanguage":"json","header":[{"key":"X-Powered-By","value":"Express"},{"key":"Access-Control-Allow-Origin","value":"*"},{"key":"Content-Type","value":"application/json; charset=utf-8"},{"key":"Content-Length","value":"114"},{"key":"ETag","value":"W/\"72-utvCefJwGXEuL/HVY6RaBRVr5wI\""},{"key":"Date","value":"Wed, 08 Sep 2021 19:34:58 GMT"},{"key":"Connection","value":"keep-alive"},{"key":"Keep-Alive","value":"timeout=5"}],"cookie":[],"responseTime":null,"body":"{\n    \"headers\": {\n        \"error\": 0,\n        \"message\": \"Student updated successfully\"\n    },\n    \"body\": \"Rows matched: 1  Changed: 1  Warnings: 0\"\n}"}]},{"name":"Update A Student (Owner)","id":"76d15245-af55-480b-bf1c-c8d1b1b572c5","protocolProfileBehavior":{"disableBodyPruning":true},"request":{"auth":{"type":"bearer","bearer":[{"key":"token","value":"eyJhbGciOiJIUzI1NiIsInR5cCI6IkpXVCJ9.eyJlcnAiOiIxNzg1NSIsImlhdCI6MTYzMTEyOTc2NCwiZXhwIjoxNjMxMzg4OTY0fQ.IVIzKRjFyH_JKKYHPt8Qu8lOdnqy-UlZw7tYhfuiMDc","type":"string"}]},"method":"PATCH","header":[],"body":{"mode":"raw","raw":"{\r\n    \"is_active\": 1\r\n}","options":{"raw":{"language":"json"}}},"url":{"raw":"{{base_url}}/students/17855","host":["{{base_url}}"],"path":["students","17855"]},"description":"# Update details of a campus #\n## Response ##\n------------\n - rows_matched\n - rows_changed\n - info\n\n***Note*** : `message` header indicates result."},"response":[{"id":"2ff7ff72-f902-4df0-9ac3-eb95baddf40f","name":"Mock Update A Student (Owner)","originalRequest":{"method":"PATCH","header":[],"body":{"mode":"raw","raw":"{\r\n    \"is_active\": 1\r\n}","options":{"raw":{"language":"json"}}},"url":{"raw":"{{base_url}}/students/17855","host":["{{base_url}}"],"path":["students","17855"]}},"status":"OK","code":200,"_postman_previewlanguage":"json","header":[{"key":"X-Powered-By","value":"Express"},{"key":"Access-Control-Allow-Origin","value":"*"},{"key":"Content-Type","value":"application/json; charset=utf-8"},{"key":"Content-Length","value":"114"},{"key":"ETag","value":"W/\"72-utvCefJwGXEuL/HVY6RaBRVr5wI\""},{"key":"Date","value":"Wed, 08 Sep 2021 19:48:35 GMT"},{"key":"Connection","value":"keep-alive"},{"key":"Keep-Alive","value":"timeout=5"}],"cookie":[],"responseTime":null,"body":"{\n    \"headers\": {\n        \"error\": 0,\n        \"message\": \"Student updated successfully\"\n    },\n    \"body\": \"Rows matched: 1  Changed: 1  Warnings: 0\"\n}"}]},{"name":"Delete A Student","id":"af3913c0-8e12-44d6-9c1e-0720bfefdea3","protocolProfileBehavior":{"disableBodyPruning":true},"request":{"method":"DELETE","header":[],"url":{"raw":"{{base_url}}/students/15090","host":["{{base_url}}"],"path":["students","15090"]},"description":"# Delete a campus #\n## Response ##\n------------\n - rows_removed</ul>\n\n***Note*** : `message` header indicates result."},"response":[{"id":"b78cf85f-e1e0-48f8-b83e-9c99376c7dd1","name":"Mock Delete A Campus","originalRequest":{"method":"DELETE","header":[],"url":{"raw":"{{base_url}}/students/15090","host":["{{base_url}}"],"path":["students","15090"]}},"status":"OK","code":200,"_postman_previewlanguage":"json","header":[{"key":"X-Powered-By","value":"Express"},{"key":"Access-Control-Allow-Origin","value":"*"},{"key":"Content-Type","value":"application/json; charset=utf-8"},{"key":"Content-Length","value":"70"},{"key":"ETag","value":"W/\"46-HFhiHNs4Hzbieei417+eim9jcok\""},{"key":"Date","value":"Wed, 08 Sep 2021 19:47:53 GMT"},{"key":"Connection","value":"keep-alive"},{"key":"Keep-Alive","value":"timeout=5"}],"cookie":[],"responseTime":null,"body":"{\n    \"headers\": {\n        \"error\": 0,\n        \"message\": \"Student has been deleted\"\n    },\n    \"body\": {}\n}"}]}],"auth":{"type":"bearer","bearer":[{"key":"token","value":"{{token}}","type":"string"}]},"event":[{"listen":"prerequest","script":{"id":"e2532e36-4786-4291-81d4-78ed615a3e6a","type":"text/javascript","exec":[""]}},{"listen":"test","script":{"id":"da7e6be5-0020-45be-b763-f22aaa9710d2","type":"text/javascript","exec":[""]}}]}