{"info":{"_postman_id":"f6528195-e4a0-4630-b2e7-425136f4746d","name":"health checks","description":"A health check endpoint for production API.","schema":"https://schema.getpostman.com/json/collection/v2.1.0/collection.json"},"item":[{"name":"Get Health Status","id":"99e19c91-38b3-48cf-b3dd-355e386e595b","protocolProfileBehavior":{"disableBodyPruning":true},"request":{"method":"GET","header":[],"url":{"raw":"{{base_url}}/health","host":["{{base_url}}"],"path":["health"]},"description":"# Run API health check #\n\n## Response ##\n------------\n - `health` It can be:\n   - `OK` - API is running fine, no issues.\n   - `ERROR` - API failed to run due to errors.\n   - `FAILED` - Health check couldn't be run.\n - `uptime`\n - `timestamp`"},"response":[{"id":"e58a4657-7776-4bcb-bc90-18c1af2a920f","name":"Mock Get Health Status","originalRequest":{"method":"GET","header":[],"url":{"raw":"{{prod_url}}/health","host":["{{prod_url}}"],"path":["health"]}},"status":"OK","code":200,"_postman_previewlanguage":"json","header":[{"key":"Server","value":"Cowboy"},{"key":"Connection","value":"keep-alive"},{"key":"X-Powered-By","value":"Express"},{"key":"Access-Control-Allow-Origin","value":"*"},{"key":"Content-Type","value":"application/json; charset=utf-8"},{"key":"Content-Length","value":"115"},{"key":"Etag","value":"W/\"73-a1tueAmCXROj3Bbj3nR+evhBdwY\""},{"key":"Date","value":"Wed, 19 May 2021 22:05:20 GMT"},{"key":"Via","value":"1.1 vegur"}],"cookie":[],"responseTime":null,"body":"{\n    \"headers\": {\n        \"success\": 1,\n        \"message\": \"Success\"\n    },\n    \"body\": {\n        \"uptime\": 4.490613599,\n        \"health\": \"OK\",\n        \"timestamp\": 1621461920039\n    }\n}"}]}],"auth":{"type":"bearer","bearer":[{"key":"token","value":"{{token}}","type":"string"}]},"event":[{"listen":"prerequest","script":{"id":"0fb062ce-a1c8-431c-9b23-6138c406f115","type":"text/javascript","exec":[""]}},{"listen":"test","script":{"id":"213deb8b-9f30-4931-943a-9ae59e0ee944","type":"text/javascript","exec":[""]}}]}