{"info":{"_postman_id":"06cf7aa2-a8cb-48e3-83c5-70fd7cd61c4a","name":"shows","description":"A collection with requests for the `/shows` endpoint.","schema":"https://schema.getpostman.com/json/collection/v2.1.0/collection.json"},"item":[{"name":"Get All Shows","id":"a3140ce4-f48c-4b4e-9ec6-a8992a36b0fc","protocolProfileBehavior":{"disableBodyPruning":true},"request":{"method":"GET","header":[],"url":{"raw":"{{base_url}}/shows","host":["{{base_url}}"],"path":["shows"]},"description":"# Get all shows #\n\n## Response ##\n------------\nList of show details where each list item contains:\n - `show_id`\n - `start_time`\n - `end_time`\n - `date`\n - `movie_id`\n - `theater_id`\n - `show_status`"},"response":[{"id":"00e51578-312c-429d-beb8-451dab2a2b18","name":"Mock Get All Shows","originalRequest":{"method":"GET","header":[],"url":{"raw":"{{base_url}}/shows","host":["{{base_url}}"],"path":["shows"]}},"status":"OK","code":200,"_postman_previewlanguage":"json","header":[{"key":"X-Powered-By","value":"Express"},{"key":"Access-Control-Allow-Origin","value":"*"},{"key":"Content-Type","value":"application/json; charset=utf-8"},{"key":"Content-Length","value":"702"},{"key":"ETag","value":"W/\"2be-RBK3vxZFc7RBdDK5bk94Qqx04ag\""},{"key":"Date","value":"Thu, 11 Mar 2021 13:00:45 GMT"},{"key":"Connection","value":"keep-alive"}],"cookie":[],"responseTime":null,"body":"{\n    \"headers\": {\n        \"success\": 1,\n        \"message\": \"Success\"\n    },\n    \"body\": [\n        {\n            \"show_id\": 14,\n            \"start_time\": \"12:30:00\",\n            \"end_time\": \"2:45:00\",\n            \"date\": \"2021-03-15\",\n            \"movie_id\": 1,\n            \"theater_id\": 8,\n            \"show_status\": \"free\"\n        },\n        {\n            \"show_id\": 17,\n            \"start_time\": \"2:30:00\",\n            \"end_time\": \"4:45:00\",\n            \"date\": \"2021-03-14\",\n            \"movie_id\": 4,\n            \"theater_id\": 10,\n            \"show_status\": \"free\"\n        },\n        {\n            \"show_id\": 18,\n            \"start_time\": \"2:30:00\",\n            \"end_time\": \"4:45:00\",\n            \"date\": \"2021-03-16\",\n            \"movie_id\": 4,\n            \"theater_id\": 10,\n            \"show_status\": \"full\"\n        },\n        {\n            \"show_id\": 20,\n            \"start_time\": \"11:30:00\",\n            \"end_time\": \"13:45:00\",\n            \"date\": \"2021-03-16\",\n            \"movie_id\": 4,\n            \"theater_id\": 8,\n            \"show_status\": \"full\"\n        },\n        {\n            \"show_id\": 21,\n            \"start_time\": \"10:00:00\",\n            \"end_time\": \"12:15:00\",\n            \"date\": \"2021-03-16\",\n            \"movie_id\": 4,\n            \"theater_id\": 10,\n            \"show_status\": \"full\"\n        }\n    ]\n}"}]},{"name":"Get Show By Id","id":"332651c5-71ca-4a23-a88d-a905f97f2764","protocolProfileBehavior":{"disableBodyPruning":true},"request":{"method":"GET","header":[],"body":{"mode":"raw","raw":"","options":{"raw":{"language":"json"}}},"url":{"raw":"{{base_url}}/shows/id/20","host":["{{base_url}}"],"path":["shows","id","20"]},"description":"# Get a show by id #\n\n## Response ##\n------------\n - `show_id`\n - `start_time`\n - `end_time`\n - `date`\n - `movie_id`\n - `theater_id`\n - `show_status`"},"response":[{"id":"95587ea3-aebf-4309-b0be-61121e76a5fe","name":"Mock Get Show By Id","originalRequest":{"method":"GET","header":[],"url":{"raw":"{{base_url}}/shows/id/20","host":["{{base_url}}"],"path":["shows","id","20"]}},"status":"OK","code":200,"_postman_previewlanguage":"json","header":[{"key":"X-Powered-By","value":"Express"},{"key":"Access-Control-Allow-Origin","value":"*"},{"key":"Content-Type","value":"application/json; charset=utf-8"},{"key":"Content-Length","value":"182"},{"key":"ETag","value":"W/\"b6-DYMsIpwDzWzjHqSV5FKrAnf54TY\""},{"key":"Date","value":"Thu, 11 Mar 2021 13:01:09 GMT"},{"key":"Connection","value":"keep-alive"}],"cookie":[],"responseTime":null,"body":"{\n    \"headers\": {\n        \"success\": 1,\n        \"message\": \"Success\"\n    },\n    \"body\": {\n        \"show_id\": 20,\n        \"start_time\": \"11:30:00\",\n        \"end_time\": \"13:45:00\",\n        \"date\": \"2021-03-16\",\n        \"movie_id\": 4,\n        \"theater_id\": 8,\n        \"show_status\": \"full\"\n    }\n}"}]},{"name":"Get Filtered Shows","id":"d1acfe68-a35b-4305-9a6e-0747c0b5add8","protocolProfileBehavior":{"disableBodyPruning":true},"request":{"method":"GET","header":[],"url":{"raw":"{{base_url}}/shows/filters?movie_id=4","host":["{{base_url}}"],"path":["shows","filters"],"query":[{"key":"movie_id","value":"4"}]},"description":"# Get shows for specified filters #\n\n## Response ##\n------------\nList of show details where each list item contains:\n - `show_id`\n - `start_time`\n - `end_time`\n - `date`\n - `movie_id`\n - `theater_id`\n - `show_status`"},"response":[{"id":"0e4fcfa7-6f74-4173-bb8b-7a1b00cfddab","name":"Mock Get Filtered Shows","originalRequest":{"method":"GET","header":[],"url":{"raw":"{{base_url}}/shows/filters?date=2021-03-16","host":["{{base_url}}"],"path":["shows","filters"],"query":[{"key":"date","value":"2021-03-16"}]}},"status":"OK","code":200,"_postman_previewlanguage":"json","header":[{"key":"X-Powered-By","value":"Express"},{"key":"Access-Control-Allow-Origin","value":"*"},{"key":"Content-Type","value":"application/json; charset=utf-8"},{"key":"Content-Length","value":"444"},{"key":"ETag","value":"W/\"1bc-IFCuY4vvy000yiCYdIbYakDhFuM\""},{"key":"Date","value":"Thu, 11 Mar 2021 13:00:55 GMT"},{"key":"Connection","value":"keep-alive"}],"cookie":[],"responseTime":null,"body":"{\n    \"headers\": {\n        \"success\": 1,\n        \"message\": \"Success\"\n    },\n    \"body\": [\n        {\n            \"show_id\": 18,\n            \"start_time\": \"2:30:00\",\n            \"end_time\": \"4:45:00\",\n            \"date\": \"2021-03-16\",\n            \"movie_id\": 4,\n            \"theater_id\": 10,\n            \"show_status\": \"full\"\n        },\n        {\n            \"show_id\": 20,\n            \"start_time\": \"11:30:00\",\n            \"end_time\": \"13:45:00\",\n            \"date\": \"2021-03-16\",\n            \"movie_id\": 4,\n            \"theater_id\": 8,\n            \"show_status\": \"full\"\n        },\n        {\n            \"show_id\": 21,\n            \"start_time\": \"10:00:00\",\n            \"end_time\": \"12:15:00\",\n            \"date\": \"2021-03-16\",\n            \"movie_id\": 4,\n            \"theater_id\": 10,\n            \"show_status\": \"full\"\n        }\n    ]\n}"}]},{"name":"Add a show","id":"11e9e6f3-fcce-4cd6-8ed0-e76d3576955d","protocolProfileBehavior":{"disableBodyPruning":true},"request":{"method":"POST","header":[],"body":{"mode":"raw","raw":"{\r\n    \"start_time\":\"21:00\",\r\n    \"end_time\":\"22:30\",\r\n    \"date\":\"2021-06-10\",\r\n    \"show_status\":\"free\",\r\n    \"theater_id\": 16,\r\n    \"movie_id\": 36,\r\n    \"show_type\":\"3D\"\r\n}","options":{"raw":{"language":"json"}}},"url":{"raw":"{{base_url}}/shows","host":["{{base_url}}"],"path":["shows"]},"description":"# Add a new show #\n------------\nThese parameters have special rules:\n### Show Status ###\n`show_status` can take one of three values:\n - `free` for new shows without bookings.\n - `almost_full` for most seats booked.\n - `full` for all seats booked.\n\n### Show Type ###\n`show_type` can take one of two values:\n - `2D` for 2D shows.\n - `3D` for 3D shows.\n\n### Start/End Time ###\n - Be a string.\n - Have the format \"hh:mm\".\n\n### Date ###\n - Be a string.\n - Have the format \"yyyy-mm-dd\".\n------------\n## Response ##\n------------\n - `show_id` New show's id.\n - `affected_rows` Should be 1."},"response":[]},{"name":"Update a show","id":"eb4443d3-d230-4227-ba58-99df252c06eb","protocolProfileBehavior":{"disableBodyPruning":true},"request":{"method":"PATCH","header":[],"body":{"mode":"raw","raw":"{\r\n    \"theater_id\":10,\r\n    \"start_time\":\"11:30\",\r\n    \"end_time\":\"13:45\",\r\n    \"date\":\"2021-03-16\"\r\n}","options":{"raw":{"language":"json"}}},"url":{"raw":"{{base_url}}/shows/id/20","host":["{{base_url}}"],"path":["shows","id","20"]},"description":"# Update show details #\n## Response ##\n------------\n - None</ul>\n\n***Note*** : `message` header indicates result."},"response":[]},{"name":"Delete a show","id":"df269355-3938-4172-8483-b5954b0d2120","protocolProfileBehavior":{"disableBodyPruning":true},"request":{"method":"DELETE","header":[],"url":{"raw":"{{base_url}}/shows/id/14","host":["{{base_url}}"],"path":["shows","id","14"]},"description":"# Delete a booking #\n## Response ##\n------------\n - None</ul>\n\n***Note*** : `message` header indicates result."},"response":[{"id":"4137a6cf-5693-4b89-9b93-ec0cfbf892d7","name":"Mock Delete a show","originalRequest":{"method":"DELETE","header":[],"url":{"raw":"{{base_url}}/shows/id/14","host":["{{base_url}}"],"path":["shows","id","14"]}},"status":"OK","code":200,"_postman_previewlanguage":"json","header":[{"key":"X-Powered-By","value":"Express"},{"key":"Access-Control-Allow-Origin","value":"*"},{"key":"Content-Type","value":"application/json; charset=utf-8"},{"key":"Content-Length","value":"72"},{"key":"ETag","value":"W/\"48-3pw1qSyBLqkQfmvuK0DO0EjjLAw\""},{"key":"Date","value":"Thu, 11 Mar 2021 12:10:51 GMT"},{"key":"Connection","value":"keep-alive"}],"cookie":[],"responseTime":null,"body":"{\n    \"headers\": {\n        \"success\": 1,\n        \"message\": \"Show has been deleted\"\n    },\n    \"body\": {}\n}"}]}],"auth":{"type":"bearer","bearer":[{"key":"token","value":"{{token}}","type":"string"}]},"event":[{"listen":"prerequest","script":{"id":"939df8a3-d37a-4f9f-8719-119a5defc9a9","type":"text/javascript","exec":[""]}},{"listen":"test","script":{"id":"3bf3283c-e493-440c-9615-9326a4f0f505","type":"text/javascript","exec":[""]}}]}