{"info":{"_postman_id":"5cf4ae57-176f-4791-a809-b357fdddb42b","name":"movies","description":"A collection of requests for `/movies` endpoint.","schema":"https://schema.getpostman.com/json/collection/v2.1.0/collection.json"},"item":[{"name":"Get All Movies","id":"ede11a5e-94ca-4608-8490-06fbfcab59c9","protocolProfileBehavior":{"disableBodyPruning":true},"request":{"method":"GET","header":[],"url":{"raw":"{{base_url}}/movies","host":["{{base_url}}"],"path":["movies"]}},"response":[{"id":"7aea61d0-10d0-4304-ad89-da79d1fbad8e","name":"Mock Get All Movies","originalRequest":{"method":"GET","header":[],"url":{"raw":"{{base_url}}/movies","host":["{{base_url}}"],"path":["movies"]}},"status":"OK","code":200,"_postman_previewlanguage":"json","header":[{"key":"X-Powered-By","value":"Express"},{"key":"Access-Control-Allow-Origin","value":"*"},{"key":"Content-Type","value":"application/json; charset=utf-8"},{"key":"Content-Length","value":"1243"},{"key":"ETag","value":"W/\"4db-UjNYJWCUz9cAZaLUnfwmPtD5KNw\""},{"key":"Date","value":"Sun, 04 Apr 2021 16:00:16 GMT"},{"key":"Connection","value":"keep-alive"}],"cookie":[],"responseTime":null,"body":"{\n    \"headers\": {\n        \"success\": 1,\n        \"message\": \"Success\"\n    },\n    \"body\": [\n        {\n            \"movie_id\": 1,\n            \"title\": \"GOOGLE\",\n            \"summary\": \"Fearsome bitches.\",\n            \"year\": 2012,\n            \"rating\": 8.6,\n            \"trailer_url\": \"https://www.youtube.com/watch?v=odM92ap8_c0\",\n            \"poster_url\": \"https://encrypted-tbn0.gstatic.com/images?q=tbn:ANd9GcSpMwciKW5gytHux-4a4B7e50sQCyvnix9C57mAGnY0DNX4-uGQ\",\n            \"movie_type\": \"now_showing\",\n            \"genres\": [\n                {\n                    \"genre_id\": 3,\n                    \"genre\": \"Fantasy\"\n                },\n                {\n                    \"genre_id\": 5,\n                    \"genre\": \"Drama\"\n                },\n                {\n                    \"genre_id\": 10,\n                    \"genre\": \"Sci-Fi\"\n                }\n            ]\n        },\n        {\n            \"movie_id\": 4,\n            \"title\": \"FACEBOOK\",\n            \"summary\": \"Fearsome bitches.\",\n            \"year\": 2020,\n            \"rating\": 8.1,\n            \"trailer_url\": \"https://www.youtube.com/watch?v=odM92ap8_c0\",\n            \"poster_url\": \"https://encrypted-tbn0.gstatic.com/images?q=tbn:ANd9GcSpMwciKW5gytHux-4a4B7e50sQCyvnix9C57mAGnY0DNX4-uGQ\",\n            \"movie_type\": \"now_showing\",\n            \"genres\": [\n                {\n                    \"genre_id\": 1,\n                    \"genre\": \"Horror\"\n                },\n                {\n                    \"genre_id\": 2,\n                    \"genre\": \"Action\"\n                },\n                {\n                    \"genre_id\": 4,\n                    \"genre\": \"Comedy\"\n                }\n            ]\n        },\n        {\n            \"movie_id\": 28,\n            \"title\": \"JOKER 3\",\n            \"summary\": \"Fearsome lionness.\",\n            \"year\": 2022,\n            \"rating\": 9.4,\n            \"trailer_url\": \"https://www.youtube.com/watch?v=odM92ap8_c0\",\n            \"poster_url\": \"https://encrypted-tbn0.gstatic.com/images?q=tbn:ANd9GcSpMwciKW5gytHux-4a4B7e50sQCyvnix9C57mAGnY0DNX4-uGQ\",\n            \"movie_type\": \"coming_soon\",\n            \"genres\": [\n                {\n                    \"genre_id\": 5,\n                    \"genre\": \"Drama\"\n                },\n                {\n                    \"genre_id\": 6,\n                    \"genre\": \"Thriller\"\n                },\n                {\n                    \"genre_id\": 10,\n                    \"genre\": \"Sci-Fi\"\n                }\n            ]\n        }\n    ]\n}"}]},{"name":"Get Movie By Id","id":"453dcc40-b0bc-40da-b262-310dcf2f0ff4","protocolProfileBehavior":{"disableBodyPruning":true},"request":{"method":"GET","header":[],"url":{"raw":"{{base_url}}/movies/id/33","host":["{{base_url}}"],"path":["movies","id","33"]}},"response":[{"id":"1a15e70e-40dd-43e4-b697-82464a683a12","name":"Mock Get Movie By Id","originalRequest":{"method":"GET","header":[],"url":{"raw":"{{base_url}}/movies/id/4","host":["{{base_url}}"],"path":["movies","id","4"]}},"status":"OK","code":200,"_postman_previewlanguage":"json","header":[{"key":"X-Powered-By","value":"Express"},{"key":"Access-Control-Allow-Origin","value":"*"},{"key":"Content-Type","value":"application/json; charset=utf-8"},{"key":"Content-Length","value":"913"},{"key":"ETag","value":"W/\"391-M5Vlrs8rzDC6yUVCmNRS7hPX8A0\""},{"key":"Date","value":"Thu, 11 Mar 2021 12:12:18 GMT"},{"key":"Connection","value":"keep-alive"}],"cookie":[],"responseTime":null,"body":"{\n    \"headers\": {\n        \"success\": 1,\n        \"message\": \"Success\"\n    },\n    \"body\": {\n        \"movie_id\": 4,\n        \"title\": \"FACEBOOK\",\n        \"summary\": \"Fearsome bitches.\",\n        \"year\": 2020,\n        \"rating\": 8.1,\n        \"trailer_url\": \"https://www.youtube.com/watch?v=odM92ap8_c0\",\n        \"poster_url\": \"https://encrypted-tbn0.gstatic.com/images?q=tbn:ANd9GcSpMwciKW5gytHux-4a4B7e50sQCyvnix9C57mAGnY0DNX4-uGQ\",\n        \"movie_type\": \"now_showing\",\n        \"genres\": [\n            {\n                \"genre_id\": 1,\n                \"genre\": \"Horror\"\n            },\n            {\n                \"genre_id\": 2,\n                \"genre\": \"Action\"\n            },\n            {\n                \"genre_id\": 4,\n                \"genre\": \"Comedy\"\n            }\n        ]\n    }\n}"}]},{"name":"Get Filtered Movies","id":"a0dd357d-c394-48a9-8420-0c304bb6729a","protocolProfileBehavior":{"disableBodyPruning":true},"request":{"method":"GET","header":[],"url":{"raw":"{{base_url}}/movies?movie_type=now_showing","host":["{{base_url}}"],"path":["movies"],"query":[{"key":"movie_type","value":"now_showing"}]}},"response":[{"id":"9cc99366-bb5a-40c2-a64b-ae5875e9ba74","name":"Mock Get Filtered Movies","originalRequest":{"method":"GET","header":[],"url":{"raw":"{{base_url}}/movies?movie_type=now_showing","host":["{{base_url}}"],"path":["movies"],"query":[{"key":"movie_type","value":"now_showing"}]}},"status":"OK","code":200,"_postman_previewlanguage":"json","header":[{"key":"X-Powered-By","value":"Express"},{"key":"Access-Control-Allow-Origin","value":"*"},{"key":"Content-Type","value":"application/json; charset=utf-8"},{"key":"Content-Length","value":"943"},{"key":"ETag","value":"W/\"3af-8EXqcavszVC9IJJeE6Ma++K7nzM\""},{"key":"Date","value":"Sun, 04 Apr 2021 16:01:06 GMT"},{"key":"Connection","value":"keep-alive"}],"cookie":[],"responseTime":null,"body":"{\n    \"headers\": {\n        \"success\": 1,\n        \"message\": \"Success\"\n    },\n    \"body\": [\n        {\n            \"movie_id\": 1,\n            \"title\": \"GOOGLE\",\n            \"summary\": \"Fearsome bitches.\",\n            \"year\": 2012,\n            \"rating\": \"0.9\",\n            \"trailer_url\": \"https://www.youtube.com/watch?v=odM92ap8_c0\",\n            \"poster_url\": \"https://encrypted-tbn0.gstatic.com/images?q=tbn:ANd9GcSpMwciKW5gytHux-4a4B7e50sQCyvnix9C57mAGnY0DNX4-uGQ\",\n            \"movie_type\": \"now_showing\"\n        },\n        {\n            \"movie_id\": 4,\n            \"title\": \"FACEBOOK\",\n            \"summary\": \"Fearsome bitches.\",\n            \"year\": 2020,\n            \"rating\": \"0.9\",\n            \"trailer_url\": \"https://www.youtube.com/watch?v=odM92ap8_c0\",\n            \"poster_url\": \"https://encrypted-tbn0.gstatic.com/images?q=tbn:ANd9GcSpMwciKW5gytHux-4a4B7e50sQCyvnix9C57mAGnY0DNX4-uGQ\",\n            \"movie_type\": \"now_showing\"\n        },\n        {\n            \"movie_id\": 7,\n            \"title\": \"APPLE\",\n            \"summary\": \"Fearsome bitches.\",\n            \"year\": 2020,\n            \"rating\": \"0.9\",\n            \"trailer_url\": \"https://www.youtube.com/watch?v=odM92ap8_c0\",\n            \"poster_url\": \"https://encrypted-tbn0.gstatic.com/images?q=tbn:ANd9GcSpMwciKW5gytHux-4a4B7e50sQCyvnix9C57mAGnY0DNX4-uGQ\",\n            \"movie_type\": \"now_showing\"\n        }\n    ]\n}"}]},{"name":"Get All Roles For A Movie","id":"c226cbb5-c6b3-47fa-b2b1-affffb7f8397","protocolProfileBehavior":{"disableBodyPruning":true},"request":{"method":"GET","header":[],"url":{"raw":"{{base_url}}/movies/id/4/roles","host":["{{base_url}}"],"path":["movies","id","4","roles"]},"description":"# Get all roles for a movie #\n\n## Response ##\n------------\nList of role details where each list item contains:\n - `role_id`\n - `full_name`\n - `picture_url`\n - `age`\n - `role_type`"},"response":[{"id":"99744741-7ff4-4a77-b3ca-1d009db59ddd","name":"Mock Get All Roles For A Movie","originalRequest":{"method":"GET","header":[],"url":{"raw":"{{base_url}}/movies/id/4/roles","host":["{{base_url}}"],"path":["movies","id","4","roles"]}},"status":"OK","code":200,"_postman_previewlanguage":"json","header":[{"key":"X-Powered-By","value":"Express"},{"key":"Access-Control-Allow-Origin","value":"*"},{"key":"Content-Type","value":"application/json; charset=utf-8"},{"key":"Content-Length","value":"613"},{"key":"ETag","value":"W/\"265-WD0Pt45zCJYbFoQnOyDt4u6GMDA\""},{"key":"Date","value":"Thu, 11 Mar 2021 12:39:09 GMT"},{"key":"Connection","value":"keep-alive"}],"cookie":[],"responseTime":null,"body":"{\n    \"headers\": {\n        \"success\": 1,\n        \"message\": \"Success\"\n    },\n    \"body\": [\n        {\n            \"role_id\": 1,\n            \"full_name\": \"Mrs. Lady\",\n            \"age\": 29,\n            \"picture_url\": \"https://www.biography.com/.image/t_share/MTE5NTU2MzE2Mzg0MTY3NDM1/quentin-tarantino-9502086-1-402.jpg\",\n            \"role_type\": \"producer\"\n        },\n        {\n            \"role_id\": 2,\n            \"full_name\": \"Mrs. Women\",\n            \"age\": 29,\n            \"picture_url\": \"https://www.biography.com/.image/t_share/MTE5NTU2MzE2Mzg0MTY3NDM1/quentin-tarantino-9502086-1-402.jpg\",\n            \"role_type\": \"director\"\n        },\n        {\n            \"role_id\": 3,\n            \"full_name\": \"Mr. Guy\",\n            \"age\": 36,\n            \"picture_url\": \"https://www.biography.com/.image/t_share/MTE5NTU2MzE2Mzg0MTY3NDM1/quentin-tarantino-9502086-1-402.jpg\",\n            \"role_type\": \"cast\"\n        }\n    ]\n}"}]},{"name":"Add A Movie","id":"544890b4-51a1-4273-bf4a-d60a88337dec","protocolProfileBehavior":{"disableBodyPruning":true},"request":{"method":"POST","header":[],"body":{"mode":"raw","raw":"{\r\n    \"title\": \"THE BATMAN\",\r\n    \"year\": 2022,\r\n    \"summary\": \"The Riddler plays a deadly game of cat and mouse with Batman and Commissioner Gordon in Gotham City.\",\r\n    \"trailer_url\": \"https://imdb-video.media-imdb.com/vi3074735641/1434659607842-pgv4ql-1598144675262.mp4?Expires=1622933474&Signature=sm4q1gJ3g9tNMmzxEjMIjJxGk-3tIbrIZ4fo~d1vHCUjUkC9ket6x-VOMqfzDW1Akq7c2xQvFwuRwUaceSXR0eAA9XYVQ6HnT~n3DzLhiVBKbUjJ2AwfJZYXL3pOZMiCCRBYmkRn9yJbpvcOf~aVn9sDZ-Ri8Ob0gVIpwlaTNCZIGXyKZpEaaSa5TGbWrOq29ql7HhwCQj9mmU9VNJJsTZNz1bkB4axWsF~u1ljTrRsZ-JCQ-c~M~v5qDsTkS-XU2HBzRmxVskQmq46hPwF8PQ~OO-WLMtleD2zMj8sJjL7wZFs88YGOeDAEV4jvCN35B7rpPSF4PtkbBR6nQCBB6g__&Key-Pair-Id=APKAIFLZBVQZ24NQH3KA\",\r\n    \"poster_url\": \"https://encrypted-tbn1.gstatic.com/images?q=tbn:ANd9GcTpy7NZd5CdrRbLV-Z2UInw5gEh51aGJEU1KaEBzGjSl43IYVb_\",\r\n    \"roles\":[\r\n        {\"role_id\":\"7\",\"role_type\":\"director\"},\r\n        {\"role_id\":\"4\",\"role_type\":\"cast\"},\r\n        {\"role_id\":\"5\",\"role_type\":\"cast\"},\r\n        {\"role_id\":\"6\",\"role_type\":\"cast\"}\r\n    ],\r\n    \"genres\": [2,5,11],\r\n    \"movie_type\": \"coming_soon\"\r\n}","options":{"raw":{"language":"json"}}},"url":{"raw":"{{base_url}}/movies","host":["{{base_url}}"],"path":["movies"]}},"response":[{"id":"4e4dfc4a-d1bd-49eb-82dc-3b894561de20","name":"Mock Add A Movie","originalRequest":{"method":"POST","header":[],"body":{"mode":"raw","raw":"{\r\n    \"title\": \"KING KONG\",\r\n    \"year\": 2021,\r\n    \"summary\": \"Fearsome monkey.\",\r\n    \"trailer_url\": \"https://www.youtube.com/watch?v=odM92ap8_c0\",\r\n    \"poster_url\": \"https://encrypted-tbn0.gstatic.com/images?q=tbn:ANd9GcSpMwciKW5gytHux-4a4B7e50sQCyvnix9C57mAGnY0DNX4-uGQ\",\r\n    \"rating\":8.4,\r\n    \"roles\":[\r\n        {\"role_id\":\"1\",\"role_type\":\"director\"},\r\n        {\"role_id\":\"3\",\"role_type\":\"producer\"},\r\n        {\"role_id\":\"2\",\"role_type\":\"cast\"}\r\n    ],\r\n    \"genres\": [2,4,6],\r\n    \"movie_type\": \"now_showing\"\r\n}","options":{"raw":{"language":"json"}}},"url":{"raw":"{{base_url}}/movies","host":["{{base_url}}"],"path":["movies"]}},"status":"Created","code":201,"_postman_previewlanguage":"json","header":[{"key":"X-Powered-By","value":"Express"},{"key":"Access-Control-Allow-Origin","value":"*"},{"key":"Content-Type","value":"application/json; charset=utf-8"},{"key":"Content-Length","value":"97"},{"key":"ETag","value":"W/\"61-RUZ9gk8WuSYVYsOrJrHdqFW+Dws\""},{"key":"Date","value":"Sun, 02 May 2021 13:58:58 GMT"},{"key":"Connection","value":"keep-alive"},{"key":"Keep-Alive","value":"timeout=5"}],"cookie":[],"responseTime":null,"body":"{\n    \"headers\": {\n        \"success\": 1,\n        \"message\": \"Movie was created!\"\n    },\n    \"body\": {\n        \"movie_id\": 29,\n        \"affected_rows\": 1\n    }\n}"}]},{"name":"Update A Movie","id":"f104a183-4712-4aa3-9bdf-ec633500c7f3","protocolProfileBehavior":{"disableBodyPruning":true},"request":{"method":"PATCH","header":[],"body":{"mode":"raw","raw":"{\r\n    \"poster_url\":\"https://www.inspirationde.com/media/2019/08/cristiano-siqueira-on-behance-1565929796gk84n.png\"\r\n}","options":{"raw":{"language":"json"}}},"url":{"raw":"{{base_url}}/movies/id/35","host":["{{base_url}}"],"path":["movies","id","35"]}},"response":[{"id":"c8385a5e-deb4-4ad8-bb3d-bc9190305b91","name":"Mock Update A Movie","originalRequest":{"method":"PATCH","header":[],"body":{"mode":"raw","raw":"{\r\n    \"movie_type\": \"now_showing\"\r\n}","options":{"raw":{"language":"json"}}},"url":{"raw":"{{base_url}}/movies/id/4","host":["{{base_url}}"],"path":["movies","id","4"]}},"status":"OK","code":200,"_postman_previewlanguage":"json","header":[{"key":"X-Powered-By","value":"Express"},{"key":"Access-Control-Allow-Origin","value":"*"},{"key":"Content-Type","value":"application/json; charset=utf-8"},{"key":"Content-Length","value":"114"},{"key":"ETag","value":"W/\"72-TcOMRvnhMjXd2s49iEWIyzv2C3M\""},{"key":"Date","value":"Thu, 11 Mar 2021 14:33:01 GMT"},{"key":"Connection","value":"keep-alive"}],"cookie":[],"responseTime":null,"body":"{\n    \"headers\": {\n        \"success\": 1,\n        \"message\": \"Movie updated successfully\"\n    },\n    \"body\": \"Rows matched: 1  Changed: 1  Warnings: 0\"\n}"}]},{"name":"Delete A Movie","id":"cbc6dbf3-32d0-40cc-9082-ed27312e8025","protocolProfileBehavior":{"disableBodyPruning":true},"request":{"method":"DELETE","header":[],"url":{"raw":"{{base_url}}/movies/id/24","host":["{{base_url}}"],"path":["movies","id","24"]},"description":"# Delete a movie #\n## Response ##\n------------\n - None</ul>\n\n***Note*** : `message` header indicates result."},"response":[]}],"auth":{"type":"bearer","bearer":[{"key":"token","value":"{{token}}","type":"string"}]},"event":[{"listen":"prerequest","script":{"id":"26f10858-ad3b-4c5f-9493-ef048d090adb","type":"text/javascript","exec":[""]}},{"listen":"test","script":{"id":"c0bdc1b4-4a66-4b6b-bf26-b3a5a53ae02b","type":"text/javascript","exec":[""]}}]}