{"info":{"_postman_id":"5bc38bd4-cd56-40d1-9f2a-ec0bde02550a","name":"teacher reviews","description":"A collection with requests for `/teacher-reviews` endpoint.","schema":"https://schema.getpostman.com/json/collection/v2.1.0/collection.json"},"item":[{"name":"Get All Teacher Reviews","id":"d43f7170-20a1-4abc-a841-a7c54c07b274","protocolProfileBehavior":{"disableBodyPruning":true},"request":{"method":"GET","header":[],"url":{"raw":"{{base_url}}/teacher-reviews?teacher_id=1","host":["{{base_url}}"],"path":["teacher-reviews"],"query":[{"key":"teacher_id","value":"1"}]},"description":"## Response ##\n------------\nList of teacher reviews details where each list item contains:\n - `review_id`\n - `learning`\n - `grading`\n - `attendance`\n - `difficulty`\n - `overall_rating`\n - `comment`\n - `subject_code`\n - `teacher_id`\n - `reviewed_by_erp`\n - `reviewed_at`"},"response":[{"id":"217539eb-041d-4671-898c-98ccd83f2cd2","name":"Mock Get All Teacher Reviews","originalRequest":{"method":"GET","header":[],"url":{"raw":"{{base_url}}/teacher-reviews?teacher_id=2","host":["{{base_url}}"],"path":["teacher-reviews"],"query":[{"key":"teacher_id","value":"2"}]}},"status":"OK","code":200,"_postman_previewlanguage":"json","header":[{"key":"X-Powered-By","value":"Express"},{"key":"Access-Control-Allow-Origin","value":"*"},{"key":"Content-Type","value":"application/json; charset=utf-8"},{"key":"Content-Length","value":"783"},{"key":"ETag","value":"W/\"30f-jsG2OoUegfVi8Zh5ppP/tw7CiXs\""},{"key":"Date","value":"Mon, 22 Nov 2021 18:05:59 GMT"},{"key":"Connection","value":"keep-alive"},{"key":"Keep-Alive","value":"timeout=5"}],"cookie":[],"responseTime":null,"body":"{\n    \"headers\": {\n        \"error\": 0,\n        \"message\": \"Success\"\n    },\n    \"body\": [\n        {\n            \"review_id\": 1,\n            \"learning\": 3,\n            \"grading\": 4,\n            \"attendance\": 3,\n            \"difficulty\": 5,\n            \"overall_rating\": \"3.8\",\n            \"comment\": \"Overall amazing teacher. Worth it!\",\n            \"reviewed_at\": \"2021-11-22 21:20:40\",\n            \"subject_code\": \"MKT201\",\n            \"teacher_id\": 2,\n            \"reviewed_by_erp\": \"17855\"\n        },\n        {\n            \"review_id\": 3,\n            \"learning\": 3,\n            \"grading\": 4,\n            \"attendance\": 4,\n            \"difficulty\": 2,\n            \"overall_rating\": \"3.3\",\n            \"comment\": \"Not worth it. Poor experience\",\n            \"reviewed_at\": \"2021-11-22 21:20:40\",\n            \"subject_code\": \"MKT201\",\n            \"teacher_id\": 2,\n            \"reviewed_by_erp\": \"15030\"\n        }\n    ]\n}"}]},{"name":"Get Teacher Review By Id","id":"ebbc6688-f9a8-4809-9808-08e490a4cfa5","protocolProfileBehavior":{"disableBodyPruning":true},"request":{"method":"GET","header":[],"url":{"raw":"{{base_url}}/teacher-reviews/1","host":["{{base_url}}"],"path":["teacher-reviews","1"]},"description":"## Response ##\n------------\n - `review_id`\n - `learning`\n - `grading`\n - `attendance`\n - `difficulty`\n - `overall_rating`\n - `comment`\n - `subject_code`\n - `teacher_id`\n - `reviewed_by_erp`\n - `reviewed_at`"},"response":[{"id":"5dcee227-1dbc-4624-b322-420ded2bcc7f","name":"Mock Get Teacher Review By Id","originalRequest":{"method":"GET","header":[],"url":{"raw":"{{base_url}}/teacher-reviews/1","host":["{{base_url}}"],"path":["teacher-reviews","1"]}},"status":"OK","code":200,"_postman_previewlanguage":"json","header":[{"key":"X-Powered-By","value":"Express"},{"key":"Access-Control-Allow-Origin","value":"*"},{"key":"Content-Type","value":"application/json; charset=utf-8"},{"key":"Content-Length","value":"297"},{"key":"ETag","value":"W/\"129-Yg4TtbbfAdSYPQXDqZBebXnKqxI\""},{"key":"Date","value":"Mon, 22 Nov 2021 18:07:00 GMT"},{"key":"Connection","value":"keep-alive"},{"key":"Keep-Alive","value":"timeout=5"}],"cookie":[],"responseTime":null,"body":"{\n    \"headers\": {\n        \"error\": 0,\n        \"message\": \"Success\"\n    },\n    \"body\": {\n        \"review_id\": 1,\n        \"learning\": 3,\n        \"grading\": 4,\n        \"attendance\": 3,\n        \"difficulty\": 5,\n        \"overall_rating\": \"3.8\",\n        \"comment\": \"Overall amazing teacher. Worth it!\",\n        \"reviewed_at\": \"2021-11-22 21:20:40\",\n        \"subject_code\": \"MKT201\",\n        \"teacher_id\": 2,\n        \"reviewed_by_erp\": \"17855\"\n    }\n}"}]},{"name":"Add A Teacher Review","id":"9c5296cf-2ccd-479f-a4fb-f1bf70becedc","protocolProfileBehavior":{"disableBodyPruning":true},"request":{"method":"POST","header":[],"body":{"mode":"raw","raw":"{\r\n    \"learning\": 3,\r\n    \"grading\": 4,\r\n    \"attendance\": 3,\r\n    \"difficulty\": 5,\r\n    \"comment\": \"Overall amazing teacher. Worth it!\",\r\n    \"reviewed_at\": \"2021-11-22 21:20:40\",\r\n    \"subject_code\": \"MKT201\",\r\n    \"teacher_id\": \"2\",\r\n    \"old_teacher_rating\": 0.0,\r\n    \"old_total_reviews\": 0,\r\n    \"reviewed_by_erp\": \"17855\"\r\n}","options":{"raw":{"language":"json"}}},"url":{"raw":"{{base_url}}/teacher-reviews","host":["{{base_url}}"],"path":["teacher-reviews"]},"description":"## Response ##\n------------\n - `review_id` The new teacher review's id\n - `affected_rows` Should be 1."},"response":[{"id":"27d7b694-14a0-4510-9dd2-10f0cc4fc95b","name":"Mock Add A Teacher Review","originalRequest":{"method":"POST","header":[],"body":{"mode":"raw","raw":"{\r\n    \"learning\": 5,\r\n    \"grading\": 5,\r\n    \"attendance\": 5,\r\n    \"difficulty\": 5,\r\n    \"comment\": \"Overall amazing teacher. Worth it!\",\r\n    \"reviewed_at\": \"2021-11-22 21:20:40\",\r\n    \"subject_code\": \"FIN201\",\r\n    \"teacher_id\": \"1\",\r\n    \"old_teacher_rating\": 0.0,\r\n    \"old_total_reviews\": 0,\r\n    \"reviewed_by_erp\": \"17855\"\r\n    \r\n}","options":{"raw":{"language":"json"}}},"url":{"raw":"{{base_url}}/teacher-reviews","host":["{{base_url}}"],"path":["teacher-reviews"]}},"status":"Created","code":201,"_postman_previewlanguage":"json","header":[{"key":"X-Powered-By","value":"Express"},{"key":"Access-Control-Allow-Origin","value":"*"},{"key":"Content-Type","value":"application/json; charset=utf-8"},{"key":"Content-Length","value":"104"},{"key":"ETag","value":"W/\"68-XAyrNPFH9cbhjcBLw3nvcwmF9YA\""},{"key":"Date","value":"Mon, 22 Nov 2021 17:48:32 GMT"},{"key":"Connection","value":"keep-alive"},{"key":"Keep-Alive","value":"timeout=5"}],"cookie":[],"responseTime":null,"body":"{\n    \"headers\": {\n        \"error\": 0,\n        \"message\": \"Teacher review was created!\"\n    },\n    \"body\": {\n        \"review_id\": 3,\n        \"affected_rows\": 1\n    }\n}"}]},{"name":"Delete A Teacher Review","id":"240eb5ad-bad3-4d1f-b147-9eaa4191b7a0","protocolProfileBehavior":{"disableBodyPruning":true},"request":{"method":"DELETE","header":[],"body":{"mode":"raw","raw":"{\r\n    \"teacher_id\": 1,\r\n    \"teacher_rating\": 5.0,\r\n    \"total_reviews\": 1,\r\n    \"review_rating\": 5.0\r\n}","options":{"raw":{"language":"json"}}},"url":{"raw":"{{base_url}}/teacher-reviews/5","host":["{{base_url}}"],"path":["teacher-reviews","5"]},"description":"## Response ##\n------------\n - rows_removed</ul>\n\n***Note*** : `message` header indicates result."},"response":[{"id":"5d6e346e-fc38-4096-a81a-4d905a7cbc0f","name":"Mock Delete A Teacher Review","originalRequest":{"method":"DELETE","header":[],"body":{"mode":"raw","raw":"{\r\n    \"teacher_id\": 1,\r\n    \"teacher_rating\": 5.0,\r\n    \"total_reviews\": 1,\r\n    \"review_rating\": 5.0\r\n}","options":{"raw":{"language":"json"}}},"url":{"raw":"{{base_url}}/teacher-reviews/5","host":["{{base_url}}"],"path":["teacher-reviews","5"]}},"status":"OK","code":200,"_postman_previewlanguage":"json","header":[{"key":"X-Powered-By","value":"Express"},{"key":"Access-Control-Allow-Origin","value":"*"},{"key":"Content-Type","value":"application/json; charset=utf-8"},{"key":"Content-Length","value":"93"},{"key":"ETag","value":"W/\"5d-7Jy7UYbIDmRoJ3SdkeSOuxaZO30\""},{"key":"Date","value":"Mon, 22 Nov 2021 19:29:05 GMT"},{"key":"Connection","value":"keep-alive"},{"key":"Keep-Alive","value":"timeout=5"}],"cookie":[],"responseTime":null,"body":"{\n    \"headers\": {\n        \"error\": 0,\n        \"message\": \"Teacher review has been deleted\"\n    },\n    \"body\": {\n        \"rows_removed\": 1\n    }\n}"}]}],"auth":{"type":"bearer","bearer":[{"key":"token","value":"{{token}}","type":"string"}]},"event":[{"listen":"prerequest","script":{"id":"fe1f758a-eb50-4ee7-bcb5-b2175374fe1c","type":"text/javascript","exec":[""]}},{"listen":"test","script":{"id":"eb023822-aa72-46d2-adcf-03a7c11790ef","type":"text/javascript","exec":[""]}}]}