{"info":{"_postman_id":"a2a839c6-270e-4a1c-b46b-44ec18d86ca8","name":"students","description":"A collection with requests for `/students` endpoint.","schema":"https://schema.getpostman.com/json/collection/v2.1.0/collection.json"},"item":[{"name":"Get All Students","id":"9bb0c46f-fd2f-474a-aec8-2f7eaf15e870","protocolProfileBehavior":{"disableBodyPruning":true},"request":{"method":"GET","header":[],"url":{"raw":"{{base_url}}/students","host":["{{base_url}}"],"path":["students"]},"description":"# Get all students #\n\n## Response ##\n------------\nList of student details where each list item contains:\n - student profile\n - student connection details with the requester"},"response":[{"id":"0d006b16-c090-4d66-9d80-0c7999f43f56","name":"Mock Get All Students","originalRequest":{"method":"GET","header":[],"url":{"raw":"{{base_url}}/students?graduation_year=2022","host":["{{base_url}}"],"path":["students"],"query":[{"key":"graduation_year","value":"2022"}]}},"status":"OK","code":200,"_postman_previewlanguage":"json","header":[{"key":"X-Powered-By","value":"Express"},{"key":"Access-Control-Allow-Origin","value":"*"},{"key":"Content-Type","value":"application/json; charset=utf-8"},{"key":"Content-Length","value":"1181"},{"key":"ETag","value":"W/\"49d-fFcgAOgcn6Vehauddd/XvfBzaQ0\""},{"key":"Date","value":"Wed, 08 Sep 2021 07:42:27 GMT"},{"key":"Connection","value":"keep-alive"},{"key":"Keep-Alive","value":"timeout=5"}],"cookie":[],"responseTime":null,"body":"{\n    \"headers\": {\n        \"error\": 0,\n        \"message\": \"Success\"\n    },\n    \"body\": [\n        {\n            \"erp\": \"15030\",\n            \"first_name\": \"Mohammad Rafay\",\n            \"last_name\": \"Siddiqui\",\n            \"gender\": \"male\",\n            \"contact\": \"+923009999999\",\n            \"email\": \"rafaysiddiqui58@gmail.com\",\n            \"birthday\": \"1999-09-18\",\n            \"profile_picture_url\": \"https://i.pinimg.com/564x/8d/e3/89/8de389c84e919d3577f47118e2627d95.jpg\",\n            \"graduation_year\": 2022,\n            \"uni_email\": \"m.rafay.15030@iba.khi.edu.pk\",\n            \"hobby_1\": 1,\n            \"hobby_2\": 2,\n            \"hobby_3\": 3,\n            \"interest_1\": 1,\n            \"interest_2\": 2,\n            \"interest_3\": 3,\n            \"program_id\": 1,\n            \"campus_id\": 1,\n            \"favourite_campus_hangout_spot\": \"CED\",\n            \"favourite_campus_activity\": \"Lifting\",\n            \"current_status\": 1,\n            \"is_active\": 1,\n            \"role\": \"admin\",\n            \"student_connection\": {\n                \"student_connection_id\": 5,\n                \"sender_erp\": \"17855\",\n                \"receiver_erp\": \"15030\",\n                \"connection_status\": \"request_pending\",\n                \"sent_at\": \"2021-10-04 17:24:40\",\n                \"accepted_at\": null\n            }\n        },\n        {\n            \"erp\": \"17619\",\n            \"first_name\": \"Test\",\n            \"last_name\": \"User\",\n            \"gender\": \"male\",\n            \"contact\": \"+923009999999\",\n            \"email\": \"testuser3@gmail.com\",\n            \"birthday\": \"1999-09-18\",\n            \"profile_picture_url\": \"https://i.pinimg.com/564x/8d/e3/89/8de389c84e919d3577f47118e2627d95.jpg\",\n            \"graduation_year\": 2022,\n            \"uni_email\": \"test.user.17619@iba.khi.edu.pk\",\n            \"hobby_1\": 1,\n            \"hobby_2\": 2,\n            \"hobby_3\": 3,\n            \"interest_1\": 1,\n            \"interest_2\": 2,\n            \"interest_3\": 3,\n            \"program_id\": 1,\n            \"campus_id\": 1,\n            \"favourite_campus_hangout_spot\": \"CED\",\n            \"favourite_campus_activity\": \"Lifting\",\n            \"current_status\": 1,\n            \"is_active\": 1,\n            \"role\": \"api_user\",\n            \"student_connection\": null\n        }\n    ]\n}"}]},{"name":"Get Student By ERP","id":"9d58481c-188a-4e81-a229-64aa01d85aa1","protocolProfileBehavior":{"disableBodyPruning":true},"request":{"method":"GET","header":[],"url":{"raw":"{{base_url}}/students/15030","host":["{{base_url}}"],"path":["students","15030"]},"description":"# Get a student by erp #\n\n## Response ##\n------------\nIf erp = requester's erp, then response contains\n - student's own profile\n\nElse it contains other's\n - student profile\n - student connection detail with the requester"},"response":[{"id":"4d992e52-9c72-4c65-af8f-290e7463ccda","name":"Mock Get Student By ERP","originalRequest":{"method":"GET","header":[],"url":{"raw":"{{base_url}}/students/15030","host":["{{base_url}}"],"path":["students","15030"]}},"status":"OK","code":200,"_postman_previewlanguage":"json","header":[{"key":"X-Powered-By","value":"Express"},{"key":"Access-Control-Allow-Origin","value":"*"},{"key":"Content-Type","value":"application/json; charset=utf-8"},{"key":"Content-Length","value":"617"},{"key":"ETag","value":"W/\"269-t/uHs7wp7Fpda3VU32I9U3F3dzE\""},{"key":"Date","value":"Wed, 08 Sep 2021 07:45:31 GMT"},{"key":"Connection","value":"keep-alive"},{"key":"Keep-Alive","value":"timeout=5"}],"cookie":[],"responseTime":null,"body":"{\n    \"headers\": {\n        \"error\": 0,\n        \"message\": \"Success\"\n    },\n    \"body\": {\n        \"erp\": \"15030\",\n        \"first_name\": \"Mohammad Rafay\",\n        \"last_name\": \"Siddiqui\",\n        \"gender\": \"male\",\n        \"contact\": \"+923009999999\",\n        \"email\": \"rafaysiddiqui58@gmail.com\",\n        \"birthday\": \"1999-09-18\",\n        \"profile_picture_url\": \"https://i.pinimg.com/564x/8d/e3/89/8de389c84e919d3577f47118e2627d95.jpg\",\n        \"graduation_year\": 2022,\n        \"uni_email\": \"m.rafay.15030@iba.khi.edu.pk\",\n        \"hobby_1\": 1,\n        \"hobby_2\": 2,\n        \"hobby_3\": 3,\n        \"interest_1\": 1,\n        \"interest_2\": 2,\n        \"interest_3\": 3,\n        \"program_id\": 1,\n        \"campus_id\": 1,\n        \"favourite_campus_hangout_spot\": \"CED\",\n        \"favourite_campus_activity\": \"Lifting\",\n        \"current_status\": 1,\n        \"is_active\": 1,\n        \"role\": \"admin\",\n        \"student_connection\": {\n            \"student_connection_id\": 5,\n            \"sender_erp\": \"17855\",\n            \"receiver_erp\": \"15030\",\n            \"connection_status\": \"request_pending\",\n            \"sent_at\": \"2021-10-04 17:24:40\",\n            \"accepted_at\": null\n        }\n    }\n}"}]},{"name":"Get A Student's Organized Activities","id":"6b3d152a-4a1c-406b-a3a1-72d627600f5a","protocolProfileBehavior":{"disableBodyPruning":true},"request":{"method":"GET","header":[],"url":{"raw":"{{base_url}}/students/17855/organized-activities","host":["{{base_url}}"],"path":["students","17855","organized-activities"]},"description":"# Get a student's organized activities #\n\n## Query Parameters ##\n------------\nThe following query parameters are supported\n- location\n- privacy\n- frequency\n- monday\n- tuesday\n- wednesday\n- thursday\n- friday\n- saturday\n- sunday\n- month_number\n- group_size\n- happens_at\n- activity_type_id\n- activity_status_id\n- campus_spot_id\n- created_at\n\n## Response ##\n------------\n\nThe response is a list of activities"},"response":[{"id":"191dbf98-5ff5-4872-b05b-5512b853dd3e","name":"Mock Get A Student's Organized Activities","originalRequest":{"method":"GET","header":[],"url":{"raw":"{{base_url}}/students/17855/organized-activities","host":["{{base_url}}"],"path":["students","17855","organized-activities"]}},"status":"OK","code":200,"_postman_previewlanguage":"json","header":[{"key":"X-Powered-By","value":"Express"},{"key":"Access-Control-Allow-Origin","value":"*"},{"key":"Content-Type","value":"application/json; charset=utf-8"},{"key":"Content-Length","value":"801"},{"key":"ETag","value":"W/\"321-JwRupEK3UvNuiPq8h/xKkszDQnA\""},{"key":"Date","value":"Sat, 25 Sep 2021 14:26:14 GMT"},{"key":"Connection","value":"keep-alive"},{"key":"Keep-Alive","value":"timeout=5"}],"cookie":[],"responseTime":null,"body":"{\n    \"headers\": {\n        \"error\": 0,\n        \"message\": \"Success\"\n    },\n    \"body\": [\n        {\n            \"activity_id\": 1,\n            \"location\": \"on_campus\",\n            \"privacy\": \"public\",\n            \"frequency\": \"daily\",\n            \"monday\": 1,\n            \"tuesday\": 1,\n            \"wednesday\": 1,\n            \"thursday\": 1,\n            \"friday\": 1,\n            \"saturday\": 1,\n            \"sunday\": 1,\n            \"month_number\": 10,\n            \"group_size\": 100,\n            \"happens_at\": \"4:30:00\",\n            \"additional_directions\": null,\n            \"activity_type_id\": 1,\n            \"activity_status_id\": 1,\n            \"campus_spot_id\": 2,\n            \"organizer_erp\": \"17855\",\n            \"created_at\": \"2021-09-17 15:53:40\"\n        },\n        {\n            \"activity_id\": 2,\n            \"location\": \"on_campus\",\n            \"privacy\": \"public\",\n            \"frequency\": \"one_time\",\n            \"monday\": 1,\n            \"tuesday\": 0,\n            \"wednesday\": 0,\n            \"thursday\": 0,\n            \"friday\": 0,\n            \"saturday\": 0,\n            \"sunday\": 0,\n            \"month_number\": 10,\n            \"group_size\": 3,\n            \"happens_at\": \"5:30:00\",\n            \"additional_directions\": null,\n            \"activity_type_id\": 1,\n            \"activity_status_id\": 1,\n            \"campus_spot_id\": 2,\n            \"organizer_erp\": \"17855\",\n            \"created_at\": \"2021-09-17 15:53:40\"\n        }\n    ]\n}"}]},{"name":"Get A Student's Attended Activities","id":"92b03345-828e-47f7-99e5-9000f656570d","protocolProfileBehavior":{"disableBodyPruning":true},"request":{"method":"GET","header":[],"url":{"raw":"{{base_url}}/students/17855/attended-activities","host":["{{base_url}}"],"path":["students","17855","attended-activities"]},"description":"# Get a student's involved activities #\n\n## Query Parameters ##\n------------\nThe following query parameters are supported\n- involvement_type\n\n## Response ##\n------------\n\nThe response is a list of activities where each list item contains:\n\n- activity details...\n- student_erp\n- involvement_type"},"response":[{"id":"8bc8908d-89fd-4cc8-ae00-5c872b13fcc0","name":"Mock Get A Student's Attended Activities","originalRequest":{"method":"GET","header":[],"url":{"raw":"{{base_url}}/students/17855/attended-activities","host":["{{base_url}}"],"path":["students","17855","attended-activities"]}},"status":"OK","code":200,"_postman_previewlanguage":"json","header":[{"key":"X-Powered-By","value":"Express"},{"key":"Access-Control-Allow-Origin","value":"*"},{"key":"Content-Type","value":"application/json; charset=utf-8"},{"key":"Content-Length","value":"453"},{"key":"ETag","value":"W/\"1c5-E8MgfYAmSI8UKwqNpdMuQWyAy0U\""},{"key":"Date","value":"Sat, 25 Sep 2021 14:28:14 GMT"},{"key":"Connection","value":"keep-alive"},{"key":"Keep-Alive","value":"timeout=5"}],"cookie":[],"responseTime":null,"body":"{\n    \"headers\": {\n        \"error\": 0,\n        \"message\": \"Success\"\n    },\n    \"body\": [\n        {\n            \"activity_id\": 1,\n            \"student_erp\": \"17855\",\n            \"involvement_type\": \"going\",\n            \"location\": \"on_campus\",\n            \"privacy\": \"public\",\n            \"frequency\": \"daily\",\n            \"monday\": 1,\n            \"tuesday\": 1,\n            \"wednesday\": 1,\n            \"thursday\": 1,\n            \"friday\": 1,\n            \"saturday\": 1,\n            \"sunday\": 1,\n            \"month_number\": 10,\n            \"group_size\": 100,\n            \"happens_at\": \"4:30:00\",\n            \"additional_directions\": null,\n            \"activity_type_id\": 1,\n            \"activity_status_id\": 1,\n            \"campus_spot_id\": 2,\n            \"organizer_erp\": \"17855\",\n            \"created_at\": \"2021-09-17 15:53:40\"\n        }\n    ]\n}"}]},{"name":"Get A Student's Saved Activities","id":"f2f64422-4d8e-43ab-8074-7b24879c43ea","protocolProfileBehavior":{"disableBodyPruning":true},"request":{"method":"GET","header":[],"url":{"raw":"{{base_url}}/students/17855/saved-activities","host":["{{base_url}}"],"path":["students","17855","saved-activities"]},"description":"# Get a student's organized activities #\n\n## Query Parameters ##\n------------\nThe following query parameters are supported\n- location\n- privacy\n- frequency\n- monday\n- tuesday\n- wednesday\n- thursday\n- friday\n- saturday\n- sunday\n- month_number\n- group_size\n- happens_at\n- activity_type_id\n- activity_status_id\n- campus_spot_id\n- created_at\n- saved_at\n\n## Response ##\n------------\n\nThe response is a list of activities along with saved datetime"},"response":[{"id":"99b4b3d1-ecf6-4b99-920b-446cf2c9d790","name":"Mock Get A Student's Saved Activities","originalRequest":{"method":"GET","header":[],"url":{"raw":"{{base_url}}/students/17855/saved-activities","host":["{{base_url}}"],"path":["students","17855","saved-activities"]}},"status":"OK","code":200,"_postman_previewlanguage":"json","header":[{"key":"X-Powered-By","value":"Express"},{"key":"Access-Control-Allow-Origin","value":"*"},{"key":"Content-Type","value":"application/json; charset=utf-8"},{"key":"Content-Length","value":"909"},{"key":"ETag","value":"W/\"38d-io+dLUHoICpiyvfXrXAhYP9FAFI\""},{"key":"Date","value":"Sun, 26 Sep 2021 14:07:50 GMT"},{"key":"Connection","value":"keep-alive"},{"key":"Keep-Alive","value":"timeout=5"}],"cookie":[],"responseTime":null,"body":"{\n    \"headers\": {\n        \"error\": 0,\n        \"message\": \"Success\"\n    },\n    \"body\": [\n        {\n            \"student_erp\": \"17855\",\n            \"activity_id\": 1,\n            \"saved_at\": \"2021-09-17 15:53:40\",\n            \"location\": \"on_campus\",\n            \"privacy\": \"public\",\n            \"frequency\": \"daily\",\n            \"monday\": 1,\n            \"tuesday\": 1,\n            \"wednesday\": 1,\n            \"thursday\": 1,\n            \"friday\": 1,\n            \"saturday\": 1,\n            \"sunday\": 1,\n            \"month_number\": 10,\n            \"group_size\": 100,\n            \"happens_at\": \"4:30:00\",\n            \"additional_directions\": null,\n            \"activity_type_id\": 1,\n            \"activity_status_id\": 1,\n            \"campus_spot_id\": 2,\n            \"organizer_erp\": \"17855\",\n            \"created_at\": \"2021-09-17 15:53:40\"\n        },\n        {\n            \"student_erp\": \"17855\",\n            \"activity_id\": 3,\n            \"saved_at\": \"2021-09-17 15:53:40\",\n            \"location\": \"on_campus\",\n            \"privacy\": \"limited\",\n            \"frequency\": \"combo\",\n            \"monday\": 1,\n            \"tuesday\": 0,\n            \"wednesday\": 0,\n            \"thursday\": 0,\n            \"friday\": 1,\n            \"saturday\": 0,\n            \"sunday\": 0,\n            \"month_number\": 10,\n            \"group_size\": 3,\n            \"happens_at\": \"5:30:00\",\n            \"additional_directions\": null,\n            \"activity_type_id\": 1,\n            \"activity_status_id\": 1,\n            \"campus_spot_id\": 2,\n            \"organizer_erp\": \"15030\",\n            \"created_at\": \"2021-09-17 15:53:40\"\n        }\n    ]\n}"}]},{"name":"Add A Saved Activity","id":"c3175e36-566a-4525-9b29-bc2c7778d49a","protocolProfileBehavior":{"disableBodyPruning":true},"request":{"auth":{"type":"bearer","bearer":[{"key":"token","value":"{{admin_token}}","type":"string"}]},"method":"POST","header":[],"body":{"mode":"raw","raw":"{\r\n    \"activity_id\": \"1\",\r\n    \"saved_at\": \"2021-09-17 15:53:40\"\r\n}","options":{"raw":{"language":"json"}}},"url":{"raw":"{{base_url}}/students/17855/saved-activities","host":["{{base_url}}"],"path":["students","17855","saved-activities"]},"description":"# Add a new saved activity #\n------------\nThese parameters have special rules:\n\n### Saved at ###\n - Be a string.\n - Have the format \"yyyy-mm-dd HH:mm:ss\".\n\n------------\n## Response ##\n------------\n - rows_affected"},"response":[{"id":"801bd039-03de-4182-95d3-0801533cd603","name":"Mock Add A Saved Activity","originalRequest":{"method":"POST","header":[],"body":{"mode":"raw","raw":"{\r\n    \"activity_id\": \"1\",\r\n    \"saved_at\": \"2021-09-17 15:53:40\"\r\n}","options":{"raw":{"language":"json"}}},"url":{"raw":"{{base_url}}/students/17855/saved-activities","host":["{{base_url}}"],"path":["students","17855","saved-activities"]}},"status":"Created","code":201,"_postman_previewlanguage":"json","header":[{"key":"X-Powered-By","value":"Express"},{"key":"Access-Control-Allow-Origin","value":"*"},{"key":"Content-Type","value":"application/json; charset=utf-8"},{"key":"Content-Length","value":"90"},{"key":"ETag","value":"W/\"5a-R4zRhC8/UQiLkxcU/7MAfznnROU\""},{"key":"Date","value":"Sun, 26 Sep 2021 13:46:21 GMT"},{"key":"Connection","value":"keep-alive"},{"key":"Keep-Alive","value":"timeout=5"}],"cookie":[],"responseTime":null,"body":"{\n    \"headers\": {\n        \"error\": 0,\n        \"message\": \"Saved activity was created!\"\n    },\n    \"body\": {\n        \"affected_rows\": 1\n    }\n}"}]},{"name":"Update A Student (Admin)","id":"90021dbe-d67d-4c23-aecc-b1acaaf08fc4","protocolProfileBehavior":{"disableBodyPruning":true},"request":{"auth":{"type":"bearer","bearer":[{"key":"token","value":"{{admin_token}}","type":"string"}]},"method":"PATCH","header":[],"body":{"mode":"raw","raw":"{\r\n    \"last_name\":\"Saleem\"\r\n}","options":{"raw":{"language":"json"}}},"url":{"raw":"{{base_url}}/students/17855","host":["{{base_url}}"],"path":["students","17855"]},"description":"# Update details of a student using 'admin' token #\n\n## Request ##\n------------\nThe following updates are supported:\n- `first_name`/`last_name`/`gender`\n- `contact`/`email`/`birthday`/`profile_picture_url`\n- `uni_email`/`graduation_year`/`program_id`/`campus_id`\n- `hobby_1`/`hobby_2`/`hobby_3`\n- `interest_1`/`interest_2`/`interest_3`\n- `current_status`/`is_active`\n- `favourite_campus_hangout_spot`/`favourite_campus_activity`\n\nThese parameters have special rules:\n\n### Gender ###\n`gender` can take one of two values:\n - `male`\n - `female`\n\n### Contact ###\n - Be a valid **Pakistani** mobile number.\n - Always be started with **+92**.\n\n### Email ###\n - Have a valid email format.\n - Be a real reachable email.\n\n### Uni Email ###\n - Have a valid email format.\n - Be a real reachable email.\n\n### Birthday ###\n - Be a string.\n - Have the format \"yyyy-mm-dd\".\n\n## Profile Picture URL ##\n - Be a valid URL.\n\n------------\n## Response ##\n------------\n - rows_matched\n - rows_changed\n - info\n\n***Note*** : `message` header indicates result."},"response":[{"id":"211281bb-3683-4629-a2c8-14d94501c504","name":"Mock Update A Student (Admin)","originalRequest":{"method":"PATCH","header":[],"body":{"mode":"raw","raw":"{\r\n    \"last_name\":\"test\"\r\n}","options":{"raw":{"language":"json"}}},"url":{"raw":"{{base_url}}/students/17855","host":["{{base_url}}"],"path":["students","17855"]}},"status":"OK","code":200,"_postman_previewlanguage":"json","header":[{"key":"X-Powered-By","value":"Express"},{"key":"Access-Control-Allow-Origin","value":"*"},{"key":"Content-Type","value":"application/json; charset=utf-8"},{"key":"Content-Length","value":"114"},{"key":"ETag","value":"W/\"72-utvCefJwGXEuL/HVY6RaBRVr5wI\""},{"key":"Date","value":"Wed, 08 Sep 2021 19:34:58 GMT"},{"key":"Connection","value":"keep-alive"},{"key":"Keep-Alive","value":"timeout=5"}],"cookie":[],"responseTime":null,"body":"{\n    \"headers\": {\n        \"error\": 0,\n        \"message\": \"Student updated successfully\"\n    },\n    \"body\": \"Rows matched: 1  Changed: 1  Warnings: 0\"\n}"}]},{"name":"Update A Student (Owner)","id":"76d15245-af55-480b-bf1c-c8d1b1b572c5","protocolProfileBehavior":{"disableBodyPruning":true},"request":{"auth":{"type":"bearer","bearer":[{"key":"token","value":"eyJhbGciOiJIUzI1NiIsInR5cCI6IkpXVCJ9.eyJlcnAiOiIxNzg1NSIsImlhdCI6MTYzMTEyOTc2NCwiZXhwIjoxNjMxMzg4OTY0fQ.IVIzKRjFyH_JKKYHPt8Qu8lOdnqy-UlZw7tYhfuiMDc","type":"string"}]},"method":"PATCH","header":[],"body":{"mode":"raw","raw":"{\r\n    \"is_active\": 1\r\n}","options":{"raw":{"language":"json"}}},"url":{"raw":"{{base_url}}/students/17855","host":["{{base_url}}"],"path":["students","17855"]},"description":"# Update details of a student using 'student' token #\n\n## Request ##\n------------\nThe following updates are supported:\n- `first_name`/`last_name`/`gender`\n- `contact`/`email`/`birthday`/`profile_picture_url`\n- `uni_email`/`graduation_year`/`program_id`/`campus_id`\n- `hobby_1`/`hobby_2`/`hobby_3`\n- `interest_1`/`interest_2`/`interest_3`\n- `current_status`/`is_active`\n- `favourite_campus_hangout_spot`/`favourite_campus_activity`\n\nThese parameters have special rules:\n\n### Gender ###\n`gender` can take one of two values:\n - `male`\n - `female`\n\n### Contact ###\n - Be a valid **Pakistani** mobile number.\n - Always be started with **+92**.\n\n### Email ###\n - Have a valid email format.\n - Be a real reachable email.\n\n### Uni Email ###\n - Have a valid email format.\n - Be a real reachable email.\n\n### Birthday ###\n - Be a string.\n - Have the format \"yyyy-mm-dd\".\n\n## Profile Picture URL ##\n - Be a valid URL.\n\n------------\n## Response ##\n------------\n - rows_matched\n - rows_changed\n - info\n\n***Note*** : `message` header indicates result."},"response":[{"id":"2ff7ff72-f902-4df0-9ac3-eb95baddf40f","name":"Mock Update A Student (Owner)","originalRequest":{"method":"PATCH","header":[],"body":{"mode":"raw","raw":"{\r\n    \"is_active\": 1\r\n}","options":{"raw":{"language":"json"}}},"url":{"raw":"{{base_url}}/students/17855","host":["{{base_url}}"],"path":["students","17855"]}},"status":"OK","code":200,"_postman_previewlanguage":"json","header":[{"key":"X-Powered-By","value":"Express"},{"key":"Access-Control-Allow-Origin","value":"*"},{"key":"Content-Type","value":"application/json; charset=utf-8"},{"key":"Content-Length","value":"114"},{"key":"ETag","value":"W/\"72-utvCefJwGXEuL/HVY6RaBRVr5wI\""},{"key":"Date","value":"Wed, 08 Sep 2021 19:48:35 GMT"},{"key":"Connection","value":"keep-alive"},{"key":"Keep-Alive","value":"timeout=5"}],"cookie":[],"responseTime":null,"body":"{\n    \"headers\": {\n        \"error\": 0,\n        \"message\": \"Student updated successfully\"\n    },\n    \"body\": \"Rows matched: 1  Changed: 1  Warnings: 0\"\n}"}]},{"name":"Delete A Student","id":"af3913c0-8e12-44d6-9c1e-0720bfefdea3","protocolProfileBehavior":{"disableBodyPruning":true},"request":{"method":"DELETE","header":[],"url":{"raw":"{{base_url}}/students/15090","host":["{{base_url}}"],"path":["students","15090"]},"description":"# Delete a student #\n## Response ##\n------------\n - rows_removed</ul>\n\n***Note*** : `message` header indicates result."},"response":[{"id":"b78cf85f-e1e0-48f8-b83e-9c99376c7dd1","name":"Mock Delete A Campus","originalRequest":{"method":"DELETE","header":[],"url":{"raw":"{{base_url}}/students/15090","host":["{{base_url}}"],"path":["students","15090"]}},"status":"OK","code":200,"_postman_previewlanguage":"json","header":[{"key":"X-Powered-By","value":"Express"},{"key":"Access-Control-Allow-Origin","value":"*"},{"key":"Content-Type","value":"application/json; charset=utf-8"},{"key":"Content-Length","value":"70"},{"key":"ETag","value":"W/\"46-HFhiHNs4Hzbieei417+eim9jcok\""},{"key":"Date","value":"Wed, 08 Sep 2021 19:47:53 GMT"},{"key":"Connection","value":"keep-alive"},{"key":"Keep-Alive","value":"timeout=5"}],"cookie":[],"responseTime":null,"body":"{\n    \"headers\": {\n        \"error\": 0,\n        \"message\": \"Student has been deleted\"\n    },\n    \"body\": {}\n}"}]},{"name":"Delete A Saved Activity","id":"f65154f8-88a8-45a6-860d-13b24d4dd3a6","protocolProfileBehavior":{"disableBodyPruning":true},"request":{"auth":{"type":"bearer","bearer":[{"key":"token","value":"{{admin_token}}","type":"string"}]},"method":"DELETE","header":[],"url":{"raw":"{{base_url}}/students/17855/saved-activities/3","host":["{{base_url}}"],"path":["students","17855","saved-activities","3"]},"description":"# Delete a saved activity #\n## Response ##\n------------\n - rows_removed</ul>\n\n***Note*** : `message` header indicates result."},"response":[{"id":"4a2f8272-2696-4d0f-94b4-4c976bf1b401","name":"Mock Delete A Saved Activity","originalRequest":{"method":"DELETE","header":[],"url":{"raw":"{{base_url}}/students/17855/saved-activities/3","host":["{{base_url}}"],"path":["students","17855","saved-activities","3"]}},"status":"OK","code":200,"_postman_previewlanguage":"json","header":[{"key":"X-Powered-By","value":"Express"},{"key":"Access-Control-Allow-Origin","value":"*"},{"key":"Content-Type","value":"application/json; charset=utf-8"},{"key":"Content-Length","value":"93"},{"key":"ETag","value":"W/\"5d-1tdhFdg9KCG3rc7vcbvirW7jeGI\""},{"key":"Date","value":"Sun, 26 Sep 2021 13:48:55 GMT"},{"key":"Connection","value":"keep-alive"},{"key":"Keep-Alive","value":"timeout=5"}],"cookie":[],"responseTime":null,"body":"{\n    \"headers\": {\n        \"error\": 0,\n        \"message\": \"Saved activity has been deleted\"\n    },\n    \"body\": {\n        \"rows_removed\": 1\n    }\n}"}]}],"auth":{"type":"bearer","bearer":[{"key":"token","value":"{{token}}","type":"string"}]},"event":[{"listen":"prerequest","script":{"id":"e2532e36-4786-4291-81d4-78ed615a3e6a","type":"text/javascript","exec":[""]}},{"listen":"test","script":{"id":"da7e6be5-0020-45be-b763-f22aaa9710d2","type":"text/javascript","exec":[""]}}]}