{"info":{"_postman_id":"f35abb50-3e63-4743-a63a-73386e47eb44","name":"Feelio","schema":"https://schema.getpostman.com/json/collection/v2.1.0/collection.json"},"item":[{"name":"Auth","item":[{"name":"Register","id":"1aeeba69-4ab4-4e74-9c7c-604c69c847bb","protocolProfileBehavior":{"disableBodyPruning":true},"request":{"method":"POST","header":[],"body":{"mode":"raw","raw":"{\r\n    \"name\": \"Test2\",\r\n    \"email\": \"test2@gmail.com\",\r\n    \"password\": \"12345\"\r\n}","options":{"raw":{"language":"json"}}},"url":{"raw":"{{BASE_URL}}/auth/register","host":["{{BASE_URL}}"],"path":["auth","register"]}},"response":[]},{"name":"Login","id":"65dabd01-15ba-4387-bcad-abf2ee912925","protocolProfileBehavior":{"disableBodyPruning":true,"disabledSystemHeaders":{}},"request":{"method":"POST","header":[{"key":"Accept","value":"application/json","type":"text","disabled":true}],"body":{"mode":"raw","raw":"{\r\n    \"email\": \"test@gmail.com\",\r\n    \"password\": \"12345\"\r\n}","options":{"raw":{"language":"json"}}},"url":{"raw":"{{BASE_URL}}/auth/login","host":["{{BASE_URL}}"],"path":["auth","login"]}},"response":[]},{"name":"Profile","id":"060ae241-d439-4aa4-8411-b1fcdaf0e92f","protocolProfileBehavior":{"disableBodyPruning":true},"request":{"method":"GET","header":[],"url":{"raw":"{{BASE_URL}}/auth/profile","host":["{{BASE_URL}}"],"path":["auth","profile"]}},"response":[]}],"id":"e318669e-324f-4220-b91e-7252ed07084b"},{"name":"Friends","item":[{"name":"Send Friend Request","id":"e43857cd-24c2-4a3b-aaef-4ea50b383f23","protocolProfileBehavior":{"disableBodyPruning":true},"request":{"method":"POST","header":[],"body":{"mode":"raw","raw":"{\r\n    \"friend_id\": \"1\"\r\n}","options":{"raw":{"language":"json"}}},"url":{"raw":"{{BASE_URL}}/friends/requests","host":["{{BASE_URL}}"],"path":["friends","requests"]}},"response":[]},{"name":"Get Friend Requests","id":"61067b70-f24d-4371-ad44-be616325b62e","protocolProfileBehavior":{"disableBodyPruning":true},"request":{"method":"GET","header":[],"url":{"raw":"{{BASE_URL}}/friends/requests","host":["{{BASE_URL}}"],"path":["friends","requests"]}},"response":[]},{"name":"Reject Request","id":"08b9f1a9-3e90-439a-9f68-910c1c89e9e3","protocolProfileBehavior":{"disableBodyPruning":true},"request":{"method":"PATCH","header":[],"body":{"mode":"raw","raw":"{\r\n    \"friend_request_id\": \"1\"\r\n}","options":{"raw":{"language":"json"}}},"url":{"raw":"{{BASE_URL}}/friends/requests/reject","host":["{{BASE_URL}}"],"path":["friends","requests","reject"]}},"response":[]},{"name":"Accept Friend Request","id":"8ddd29db-73b6-4573-b21c-e222abdd087d","protocolProfileBehavior":{"disableBodyPruning":true},"request":{"method":"PATCH","header":[],"body":{"mode":"raw","raw":"{\r\n    \"friend_request_id\": \"1\"\r\n}","options":{"raw":{"language":"json"}}},"url":{"raw":"{{BASE_URL}}/friends/requests/accept","host":["{{BASE_URL}}"],"path":["friends","requests","accept"]}},"response":[]},{"name":"Get Friends","id":"7b3069eb-e996-473e-8078-848c600ef5fb","protocolProfileBehavior":{"disableBodyPruning":true},"request":{"method":"GET","header":[],"url":{"raw":"{{BASE_URL}}/friends","host":["{{BASE_URL}}"],"path":["friends"]}},"response":[]}],"id":"dd187194-1821-4e1f-97ab-22142b2f5a04"},{"name":"Posts","item":[{"name":"Create Post","id":"b4a841ce-1e48-48c5-a67b-ac1575fea913","protocolProfileBehavior":{"disableBodyPruning":true},"request":{"method":"POST","header":[],"body":{"mode":"raw","raw":"{\r\n    \"body\": \"This is a new post\"\r\n}","options":{"raw":{"language":"json"}}},"url":{"raw":"{{BASE_URL}}/posts/","host":["{{BASE_URL}}"],"path":["posts",""]}},"response":[]},{"name":"Get Posts","id":"9bf9f095-9612-460c-b631-e17ee9d81686","protocolProfileBehavior":{"disableBodyPruning":true},"request":{"method":"GET","header":[],"url":{"raw":"{{BASE_URL}}/posts","host":["{{BASE_URL}}"],"path":["posts"]}},"response":[]},{"name":"Edit Post","id":"8206989f-c652-4347-a557-a7fde9793d8b","protocolProfileBehavior":{"disableBodyPruning":true},"request":{"method":"PATCH","header":[],"body":{"mode":"raw","raw":"{\r\n    \"post_id\": \"3\",\r\n    \"body\": \"NEW CHANGED POST\"\r\n}","options":{"raw":{"language":"json"}}},"url":{"raw":"{{BASE_URL}}/posts","host":["{{BASE_URL}}"],"path":["posts"]}},"response":[]},{"name":"Get Post","id":"4e8772e8-0a79-4898-bc1a-ff3d48b275a6","protocolProfileBehavior":{"disableBodyPruning":true},"request":{"method":"GET","header":[],"body":{"mode":"raw","raw":"{\r\n    \"post_id\": \"1\"\r\n}","options":{"raw":{"language":"json"}}},"url":{"raw":"{{BASE_URL}}/posts","host":["{{BASE_URL}}"],"path":["posts"]}},"response":[]},{"name":"Delete Post","id":"254b9358-5277-46e5-ab40-4b669a988d3d","protocolProfileBehavior":{"disableBodyPruning":true},"request":{"method":"DELETE","header":[],"body":{"mode":"raw","raw":"{\"post_id\": \"1\"}","options":{"raw":{"language":"json"}}},"url":{"raw":"{{BASE_URL}}/posts/","host":["{{BASE_URL}}"],"path":["posts",""]}},"response":[]}],"id":"c32af90b-632e-4e99-9a4a-77eccedcebda"}],"auth":{"type":"bearer","bearer":[{"key":"token","value":"{{token}}","type":"string"}]},"event":[{"listen":"prerequest","script":{"id":"b6b7feb5-f4d2-484f-a658-3db16580d0bd","type":"text/javascript","exec":[""]}},{"listen":"test","script":{"id":"d234a009-3092-4070-95dc-c050ab07d67c","type":"text/javascript","exec":[""]}}]}