{"id":"9bf2ea90-730e-4641-875d-a50b7f11a8b4","name":"Development","values":[{"key":"base_url","value":"localhost:3000/api/v1","enabled":false},{"key":"token","value":"eyJhbGciOiJIUzI1NiIsInR5cCI6IkpXVCJ9.eyJlcnAiOiIxNTAzMCIsImlhdCI6MTYzMDUzMzA3OCwiZXhwIjoxNjMwNzkyMjc4fQ.pTT4XYTvkVUa43bak38rjOQc5kQJ4NuxarMpi75_YjE","enabled":true},{"key":"base_url","value":"http://localhost:3331/api/v1","enabled":true},{"key":"admin_token","value":"eyJhbGciOiJIUzI1NiIsInR5cCI6IkpXVCJ9.eyJlcnAiOiIxNTAzMCIsImlhdCI6MTYzMjY2Mzg1NCwiZXhwIjoxNjMyOTIzMDU0fQ.I-FkrCe8zLusS12dl18BVUJNHXo0IiZSPmD4p7D13g4","enabled":true}]}