{"info":{"_postman_id":"2631d244-0f48-4b12-9951-1dfb8cbc6125","name":"activities","description":"A collection with requests for `/activities` endpoint.","schema":"https://schema.getpostman.com/json/collection/v2.1.0/collection.json"},"item":[{"name":"Get All Activities","id":"4ba88d22-29a0-4039-9045-756f03a0f429","protocolProfileBehavior":{"disableBodyPruning":true},"request":{"method":"GET","header":[],"url":{"raw":"{{base_url}}/activities?monday=1","host":["{{base_url}}"],"path":["activities"],"query":[{"key":"monday","value":"1"}]},"description":"# Get all activities #\n\n## Response ##\n------------\nList of activity details where each list item contains:\n- activity_id\n- location\n- privacy\n- frequency\n- monday\n- tuesday\n- wednesday\n- thursday\n- friday\n- saturday\n- sunday\n- month_number\n- group_size\n- happens_at\n- additional_directions\n- activity_type_id\n- activity_status_id\n- campus_spot_id\n- organizer_erp\n- created_at"},"response":[{"id":"96208a4c-6d01-49f8-beae-2bb0aeced926","name":"Mock Get All Activities","originalRequest":{"method":"GET","header":[],"url":{"raw":"{{base_url}}/activities?monday=1","host":["{{base_url}}"],"path":["activities"],"query":[{"key":"monday","value":"1"}]}},"status":"OK","code":200,"_postman_previewlanguage":"json","header":[{"key":"X-Powered-By","value":"Express"},{"key":"Access-Control-Allow-Origin","value":"*"},{"key":"Content-Type","value":"application/json; charset=utf-8"},{"key":"Content-Length","value":"1174"},{"key":"ETag","value":"W/\"496-mYmlbT7w3x/SA2rxPH2nWk3hsXg\""},{"key":"Date","value":"Sun, 19 Sep 2021 16:00:10 GMT"},{"key":"Connection","value":"keep-alive"},{"key":"Keep-Alive","value":"timeout=5"}],"cookie":[],"responseTime":null,"body":"{\n    \"headers\": {\n        \"error\": 0,\n        \"message\": \"Success\"\n    },\n    \"body\": [\n        {\n            \"activity_id\": 1,\n            \"location\": \"on_campus\",\n            \"privacy\": \"public\",\n            \"frequency\": \"daily\",\n            \"monday\": 1,\n            \"tuesday\": 1,\n            \"wednesday\": 1,\n            \"thursday\": 1,\n            \"friday\": 1,\n            \"saturday\": 1,\n            \"sunday\": 1,\n            \"month_number\": 10,\n            \"group_size\": 100,\n            \"happens_at\": \"4:30:00\",\n            \"additional_directions\": null,\n            \"activity_type_id\": 1,\n            \"activity_status_id\": 1,\n            \"campus_spot_id\": 2,\n            \"organizer_erp\": \"17855\",\n            \"created_at\": \"2021-09-17 15:53:40\"\n        },\n        {\n            \"activity_id\": 2,\n            \"location\": \"on_campus\",\n            \"privacy\": \"public\",\n            \"frequency\": \"one_time\",\n            \"monday\": 1,\n            \"tuesday\": 0,\n            \"wednesday\": 0,\n            \"thursday\": 0,\n            \"friday\": 0,\n            \"saturday\": 0,\n            \"sunday\": 0,\n            \"month_number\": 10,\n            \"group_size\": 3,\n            \"happens_at\": \"5:30:00\",\n            \"additional_directions\": null,\n            \"activity_type_id\": 1,\n            \"activity_status_id\": 1,\n            \"campus_spot_id\": 2,\n            \"organizer_erp\": \"17855\",\n            \"created_at\": \"2021-09-17 15:53:40\"\n        },\n        {\n            \"activity_id\": 3,\n            \"location\": \"on_campus\",\n            \"privacy\": \"limited\",\n            \"frequency\": \"combo\",\n            \"monday\": 1,\n            \"tuesday\": 0,\n            \"wednesday\": 0,\n            \"thursday\": 0,\n            \"friday\": 1,\n            \"saturday\": 0,\n            \"sunday\": 0,\n            \"month_number\": 10,\n            \"group_size\": 3,\n            \"happens_at\": \"5:30:00\",\n            \"additional_directions\": null,\n            \"activity_type_id\": 1,\n            \"activity_status_id\": 1,\n            \"campus_spot_id\": 2,\n            \"organizer_erp\": \"15030\",\n            \"created_at\": \"2021-09-17 15:53:40\"\n        }\n    ]\n}"}]},{"name":"Get Activity By Id","id":"c3831d17-622f-498e-8037-770463d2527b","protocolProfileBehavior":{"disableBodyPruning":true},"request":{"method":"GET","header":[],"url":{"raw":"{{base_url}}/activities/2","host":["{{base_url}}"],"path":["activities","2"]},"description":"# Get an activitiy by id #\n\n## Response ##\n------------\n- activity_id\n- location\n- privacy\n- frequency\n- monday\n- tuesday\n- wednesday\n- thursday\n- friday\n- saturday\n- sunday\n- month_number\n- group_size\n- happens_at\n- additional_directions\n- activity_type_id\n- activity_status_id\n- campus_spot_id\n- organizer_erp\n- created_at"},"response":[{"id":"b5426a75-2616-4e1b-a726-76ca6fb251ef","name":"Mock Get Activity By Id","originalRequest":{"method":"GET","header":[],"url":{"raw":"{{base_url}}/activities/2","host":["{{base_url}}"],"path":["activities","2"]}},"status":"OK","code":200,"_postman_previewlanguage":"json","header":[{"key":"X-Powered-By","value":"Express"},{"key":"Access-Control-Allow-Origin","value":"*"},{"key":"Content-Type","value":"application/json; charset=utf-8"},{"key":"Content-Length","value":"446"},{"key":"ETag","value":"W/\"1be-xXdcgCzvrcVrhnxLbF2qGHwSrQg\""},{"key":"Date","value":"Sun, 19 Sep 2021 16:00:27 GMT"},{"key":"Connection","value":"keep-alive"},{"key":"Keep-Alive","value":"timeout=5"}],"cookie":[],"responseTime":null,"body":"{\n    \"headers\": {\n        \"error\": 0,\n        \"message\": \"Success\"\n    },\n    \"body\": {\n        \"activity_id\": 2,\n        \"location\": \"on_campus\",\n        \"privacy\": \"public\",\n        \"frequency\": \"one_time\",\n        \"monday\": 1,\n        \"tuesday\": 0,\n        \"wednesday\": 0,\n        \"thursday\": 0,\n        \"friday\": 0,\n        \"saturday\": 0,\n        \"sunday\": 0,\n        \"month_number\": 10,\n        \"group_size\": 3,\n        \"happens_at\": \"5:30:00\",\n        \"additional_directions\": null,\n        \"activity_type_id\": 1,\n        \"activity_status_id\": 1,\n        \"campus_spot_id\": 2,\n        \"organizer_erp\": \"17855\",\n        \"created_at\": \"2021-09-17 15:53:40\",\n        \"num_of_attendees\": 0\n    }\n}"}]},{"name":"Get An Activity's Attendees","id":"dbe7898e-928a-4877-8d18-b20cae971bef","protocolProfileBehavior":{"disableBodyPruning":true},"request":{"method":"GET","header":[],"url":{"raw":"{{base_url}}/activities/1/attendees","host":["{{base_url}}"],"path":["activities","1","attendees"]},"description":"# Get an activity's attendees #\n\n## Response ##\n------------\nList of activity attendees where each list item contains:\n- activity_id\n- student_erp\n- first_name\n- last_name\n- profile_picture_url\n- involvement_type"},"response":[{"id":"6977ec39-a706-42cd-a9ab-df85f23d1af3","name":"Mock Get An Activity's Attendees","originalRequest":{"method":"GET","header":[],"url":{"raw":"{{base_url}}/activities/1/attendees","host":["{{base_url}}"],"path":["activities","1","attendees"]}},"status":"OK","code":200,"_postman_previewlanguage":"json","header":[{"key":"X-Powered-By","value":"Express"},{"key":"Access-Control-Allow-Origin","value":"*"},{"key":"Content-Type","value":"application/json; charset=utf-8"},{"key":"Content-Length","value":"484"},{"key":"ETag","value":"W/\"1e4-hOWP6iYYs3W2WQC4RQpyxMoYx7g\""},{"key":"Date","value":"Sat, 25 Sep 2021 14:55:48 GMT"},{"key":"Connection","value":"keep-alive"},{"key":"Keep-Alive","value":"timeout=5"}],"cookie":[],"responseTime":null,"body":"{\n    \"headers\": {\n        \"error\": 0,\n        \"message\": \"Success\"\n    },\n    \"body\": [\n        {\n            \"activity_id\": 1,\n            \"student_erp\": \"15030\",\n            \"first_name\": \"Mohammad Rafay\",\n            \"last_name\": \"Siddiqui\",\n            \"profile_picture_url\": \"https://i.pinimg.com/564x/8d/e3/89/8de389c84e919d3577f47118e2627d95.jpg\",\n            \"involvement_type\": \"interested\"\n        },\n        {\n            \"activity_id\": 1,\n            \"student_erp\": \"17855\",\n            \"first_name\": \"Abdur Rafay\",\n            \"last_name\": \"Saleem\",\n            \"profile_picture_url\": \"https://i.pinimg.com/564x/8d/e3/89/8de389c84e919d3577f47118e2627d95.jpg\",\n            \"involvement_type\": \"going\"\n        }\n    ]\n}"}]},{"name":"Add An Activity","id":"f7df7e13-4ca2-4a9b-8842-d407a860b276","protocolProfileBehavior":{"disableBodyPruning":true},"request":{"method":"POST","header":[],"body":{"mode":"raw","raw":"{\r\n    \"location\": \"on_campus\",\r\n    \"privacy\": \"public\",\r\n    \"frequency\": \"daily\",\r\n    \"monday\": 1,\r\n    \"tuesday\": 1,\r\n    \"wednesday\": 1,\r\n    \"thursday\": 1,\r\n    \"friday\": 1,\r\n    \"saturday\": 1,\r\n    \"sunday\": 1,\r\n    \"month_number\": 10,\r\n    \"group_size\": 100,\r\n    \"happens_at\": \"04:30:00\",\r\n    \"activity_type_id\": 1,\r\n    \"activity_status_id\": 1,\r\n    \"campus_spot_id\": 2,\r\n    \"organizer_erp\": \"17855\",\r\n    \"created_at\": \"2021-09-17 15:53:40\"\r\n}","options":{"raw":{"language":"json"}}},"url":{"raw":"{{base_url}}/activities","host":["{{base_url}}"],"path":["activities"]},"description":"# Add a new activity #\n------------\nThese parameters have special rules:\n\n### Privacy ###\n`privacy` can take one of these values:\n - `private` for friends only.\n - `public` for all users.\n - `limited` for selected users (custom audience).\n\n### Location ###\n`location` can take one of these values:\n - `external` for out of campus activities.\n - `on_campus` for on campus activities.\n\n### Frequency ###\n`frequency` can take one of these values:\n - `daily` for daily activities.\n - `weekly` for weekly activities.\n - `one_time` for one time activities.\n - `combo` for combination of different days.\n\n### Organizer ERP ###\n - Be a **5** digit string.\n\n### Happens at ###\n - Be a string.\n - Have the format \"HH:mm\".\n\n### Created at ###\n - Be a string.\n - Have the format \"yyyy-mm-dd HH:mm:ss\".\n------------\n## Response ##\n------------\n - activity_id"},"response":[{"id":"ef86f968-e7b5-4259-b522-96911d5f320d","name":"Mock Add An Activity","originalRequest":{"method":"POST","header":[],"body":{"mode":"raw","raw":"{\r\n    \"location\": \"on_campus\",\r\n    \"privacy\": \"public\",\r\n    \"frequency\": \"daily\",\r\n    \"monday\": 1,\r\n    \"tuesday\": 1,\r\n    \"wednesday\": 1,\r\n    \"thursday\": 1,\r\n    \"friday\": 1,\r\n    \"saturday\": 1,\r\n    \"sunday\": 1,\r\n    \"month_number\": 10,\r\n    \"group_size\": 100,\r\n    \"happens_at\": \"04:30:00\",\r\n    \"activity_type_id\": 1,\r\n    \"activity_status_id\": 1,\r\n    \"campus_spot_id\": 2,\r\n    \"organizer_erp\": 17855,\r\n    \"created_at\": \"2021-09-17 15:53:40\"\r\n}","options":{"raw":{"language":"json"}}},"url":{"raw":"{{base_url}}/activities","host":["{{base_url}}"],"path":["activities"]}},"status":"Created","code":201,"_postman_previewlanguage":"json","header":[{"key":"X-Powered-By","value":"Express"},{"key":"Access-Control-Allow-Origin","value":"*"},{"key":"Content-Type","value":"application/json; charset=utf-8"},{"key":"Content-Length","value":"100"},{"key":"ETag","value":"W/\"64-duGCSjkzPqrGlJ2odQg4mEebJ2E\""},{"key":"Date","value":"Fri, 17 Sep 2021 11:36:07 GMT"},{"key":"Connection","value":"keep-alive"},{"key":"Keep-Alive","value":"timeout=5"}],"cookie":[],"responseTime":null,"body":"{\n    \"headers\": {\n        \"error\": 0,\n        \"message\": \"Activity was created!\"\n    },\n    \"body\": {\n        \"activity_id\": 9,\n        \"affected_rows\": 1\n    }\n}"}]},{"name":"Add An Activity Attendee","id":"c6916daa-14d4-46ab-9bb1-f0af5d804168","protocolProfileBehavior":{"disableBodyPruning":true},"request":{"auth":{"type":"bearer","bearer":[{"key":"token","value":"{{admin_token}}","type":"string"}]},"method":"POST","header":[],"body":{"mode":"raw","raw":"{\r\n    \"student_erp\": \"17855\",\r\n    \"involvement_type\": \"going\"\r\n}","options":{"raw":{"language":"json"}}},"url":{"raw":"{{base_url}}/activities/1/attendees","host":["{{base_url}}"],"path":["activities","1","attendees"]},"description":"# Add a new activity attendee #\n------------\nThese parameters have special rules:\n\n### Involvement Type ###\n`involvement_type` can take one of these values:\n - `interested`\n - `going`\n - `will_try`\n\n### Student ERP ###\n - Be a **5** digit string.\n\n------------\n## Response ##\n------------\n - rows_affected"},"response":[{"id":"4826135e-a66c-413c-b84a-42d3bb1be007","name":"Mock Add An Activity Attendee","originalRequest":{"method":"POST","header":[],"body":{"mode":"raw","raw":"{\r\n    \"student_erp\": \"17855\",\r\n    \"involvement_type\": \"going\"\r\n}","options":{"raw":{"language":"json"}}},"url":{"raw":"{{base_url}}/activities/1/attendees","host":["{{base_url}}"],"path":["activities","1","attendees"]}},"status":"Created","code":201,"_postman_previewlanguage":"json","header":[{"key":"X-Powered-By","value":"Express"},{"key":"Access-Control-Allow-Origin","value":"*"},{"key":"Content-Type","value":"application/json; charset=utf-8"},{"key":"Content-Length","value":"93"},{"key":"ETag","value":"W/\"5d-LlLBWkMtrkHG+sJCABSosJ9Vs9Q\""},{"key":"Date","value":"Mon, 20 Sep 2021 10:38:03 GMT"},{"key":"Connection","value":"keep-alive"},{"key":"Keep-Alive","value":"timeout=5"}],"cookie":[],"responseTime":null,"body":"{\n    \"headers\": {\n        \"error\": 0,\n        \"message\": \"Activity attendee was created!\"\n    },\n    \"body\": {\n        \"affected_rows\": 1\n    }\n}"}]},{"name":"Update An Activity (Admin)","id":"56062576-e770-4599-a7c9-75a3e00f15b7","protocolProfileBehavior":{"disableBodyPruning":true},"request":{"auth":{"type":"bearer","bearer":[{"key":"token","value":"{{admin_token}}","type":"string"}]},"method":"PATCH","header":[],"body":{"mode":"raw","raw":"{\r\n    \"monday\":0,\r\n    \"tuesday\": 1\r\n}","options":{"raw":{"language":"json"}}},"url":{"raw":"{{base_url}}/activities/7","host":["{{base_url}}"],"path":["activities","7"]},"description":"# Update details of an activity using 'admin' token #\n## Response ##\n------------\n - rows_matched\n - rows_changed\n - info\n\n***Note*** : `message` header indicates result."},"response":[{"id":"f91b6da8-6f5a-4fc0-8a62-b88637e7ddf3","name":"Mock Update An Activity (Admin)","originalRequest":{"method":"PATCH","header":[],"body":{"mode":"raw","raw":"{\r\n    \"monday\":0,\r\n    \"tuesday\": 1\r\n}","options":{"raw":{"language":"json"}}},"url":{"raw":"{{base_url}}/activities/7","host":["{{base_url}}"],"path":["activities","7"]}},"status":"OK","code":200,"_postman_previewlanguage":"json","header":[{"key":"X-Powered-By","value":"Express"},{"key":"Access-Control-Allow-Origin","value":"*"},{"key":"Content-Type","value":"application/json; charset=utf-8"},{"key":"Content-Length","value":"158"},{"key":"ETag","value":"W/\"9e-pDHmmsyvV363Ozr+PMz8e/oPtl4\""},{"key":"Date","value":"Sun, 19 Sep 2021 15:40:15 GMT"},{"key":"Connection","value":"keep-alive"},{"key":"Keep-Alive","value":"timeout=5"}],"cookie":[],"responseTime":null,"body":"{\n    \"headers\": {\n        \"error\": 0,\n        \"message\": \"Activity updated successfully\"\n    },\n    \"body\": {\n        \"rows_matched\": 1,\n        \"rows_changed\": 1,\n        \"info\": \"Rows matched: 1  Changed: 1  Warnings: 0\"\n    }\n}"}]},{"name":"Update An Activity (Owner)","id":"18a8ce57-ef4e-4d22-a241-047ced3a0605","protocolProfileBehavior":{"disableBodyPruning":true},"request":{"method":"PATCH","header":[],"body":{"mode":"raw","raw":"{\r\n    \"month_number\":9\r\n}","options":{"raw":{"language":"json"}}},"url":{"raw":"{{base_url}}/activities/3","host":["{{base_url}}"],"path":["activities","3"]},"description":"# Update details of an activity using 'student' token #\n## Response ##\n------------\n - rows_matched\n - rows_changed\n - info\n\n***Note*** : `message` header indicates result."},"response":[{"id":"da3dfb11-018f-4e76-9f70-a3bf6d5d2e6f","name":"Mock Update An Activity (Owner)","originalRequest":{"method":"PATCH","header":[],"body":{"mode":"raw","raw":"{\r\n    \"month_number\":9\r\n}","options":{"raw":{"language":"json"}}},"url":{"raw":"{{base_url}}/activities/3","host":["{{base_url}}"],"path":["activities","3"]}},"status":"OK","code":200,"_postman_previewlanguage":"json","header":[{"key":"X-Powered-By","value":"Express"},{"key":"Access-Control-Allow-Origin","value":"*"},{"key":"Content-Type","value":"application/json; charset=utf-8"},{"key":"Content-Length","value":"158"},{"key":"ETag","value":"W/\"9e-pDHmmsyvV363Ozr+PMz8e/oPtl4\""},{"key":"Date","value":"Sun, 19 Sep 2021 15:41:48 GMT"},{"key":"Connection","value":"keep-alive"},{"key":"Keep-Alive","value":"timeout=5"}],"cookie":[],"responseTime":null,"body":"{\n    \"headers\": {\n        \"error\": 0,\n        \"message\": \"Activity updated successfully\"\n    },\n    \"body\": {\n        \"rows_matched\": 1,\n        \"rows_changed\": 1,\n        \"info\": \"Rows matched: 1  Changed: 1  Warnings: 0\"\n    }\n}"}]},{"name":"Update An Activity Attendee (Admin)","id":"3d1bb376-7660-42c7-a4f0-256935a72b43","protocolProfileBehavior":{"disableBodyPruning":true},"request":{"auth":{"type":"bearer","bearer":[{"key":"token","value":"{{admin_token}}","type":"string"}]},"method":"PATCH","header":[],"body":{"mode":"raw","raw":"{\r\n    \"involvement_type\":\"going\"\r\n}","options":{"raw":{"language":"json"}}},"url":{"raw":"{{base_url}}/activities/1/attendees/17855","host":["{{base_url}}"],"path":["activities","1","attendees","17855"]},"description":"# Update details of an activity attendee using 'admin' token #\n## Response ##\n------------\n - rows_matched\n - rows_changed\n - info\n\n***Note*** : `message` header indicates result."},"response":[{"id":"210671e9-eea2-4fdd-b663-05ab080ab366","name":"Mock Update An Activity Attendee (Admin)","originalRequest":{"method":"PATCH","header":[],"body":{"mode":"raw","raw":"{\r\n    \"involvement_type\":\"interested\"\r\n}","options":{"raw":{"language":"json"}}},"url":{"raw":"{{base_url}}/activities/1/attendees/17855","host":["{{base_url}}"],"path":["activities","1","attendees","17855"]}},"status":"OK","code":200,"_postman_previewlanguage":"json","header":[{"key":"X-Powered-By","value":"Express"},{"key":"Access-Control-Allow-Origin","value":"*"},{"key":"Content-Type","value":"application/json; charset=utf-8"},{"key":"Content-Length","value":"167"},{"key":"ETag","value":"W/\"a7-CoE/u2icGBl3mHNUOBkII9hNp5A\""},{"key":"Date","value":"Mon, 20 Sep 2021 10:28:51 GMT"},{"key":"Connection","value":"keep-alive"},{"key":"Keep-Alive","value":"timeout=5"}],"cookie":[],"responseTime":null,"body":"{\n    \"headers\": {\n        \"error\": 0,\n        \"message\": \"Activity attendee updated successfully\"\n    },\n    \"body\": {\n        \"rows_matched\": 1,\n        \"rows_changed\": 1,\n        \"info\": \"Rows matched: 1  Changed: 1  Warnings: 0\"\n    }\n}"}]},{"name":"Update An Activity Attendee (Owner)","id":"e56e4ec5-2645-4411-8615-911d8901c85c","protocolProfileBehavior":{"disableBodyPruning":true},"request":{"method":"PATCH","header":[],"body":{"mode":"raw","raw":"{\r\n    \"involvement_type\":\"going\"\r\n}","options":{"raw":{"language":"json"}}},"url":{"raw":"{{base_url}}/activities/1/attendees/17855","host":["{{base_url}}"],"path":["activities","1","attendees","17855"]},"description":"# Update details of an activity attendee using 'student' token #\n## Response ##\n------------\n - rows_matched\n - rows_changed\n - info\n\n***Note*** : `message` header indicates result."},"response":[{"id":"7c8f0e9c-e934-4998-9511-cc2071ba6e99","name":"Mock Update An Activity Attendee (Owner)","originalRequest":{"method":"PATCH","header":[],"body":{"mode":"raw","raw":"{\r\n    \"involvement_type\":\"interested\"\r\n}","options":{"raw":{"language":"json"}}},"url":{"raw":"{{base_url}}/activities/1/attendees/17855","host":["{{base_url}}"],"path":["activities","1","attendees","17855"]}},"status":"OK","code":200,"_postman_previewlanguage":"json","header":[{"key":"X-Powered-By","value":"Express"},{"key":"Access-Control-Allow-Origin","value":"*"},{"key":"Content-Type","value":"application/json; charset=utf-8"},{"key":"Content-Length","value":"167"},{"key":"ETag","value":"W/\"a7-CoE/u2icGBl3mHNUOBkII9hNp5A\""},{"key":"Date","value":"Mon, 20 Sep 2021 10:29:53 GMT"},{"key":"Connection","value":"keep-alive"},{"key":"Keep-Alive","value":"timeout=5"}],"cookie":[],"responseTime":null,"body":"{\n    \"headers\": {\n        \"error\": 0,\n        \"message\": \"Activity attendee updated successfully\"\n    },\n    \"body\": {\n        \"rows_matched\": 1,\n        \"rows_changed\": 1,\n        \"info\": \"Rows matched: 1  Changed: 1  Warnings: 0\"\n    }\n}"}]},{"name":"Delete An Activity","id":"d0959eb9-d22d-461a-b8bc-5bd2f09085f1","protocolProfileBehavior":{"disableBodyPruning":true},"request":{"method":"DELETE","header":[],"url":{"raw":"{{base_url}}/activities/9","host":["{{base_url}}"],"path":["activities","9"]},"description":"# Delete an activity #\n## Response ##\n------------\n - rows_removed</ul>\n\n***Note*** : `message` header indicates result."},"response":[{"id":"3d7a1f79-4774-450d-881e-fcc1cdf4cd98","name":"Mock Delete An Activity","originalRequest":{"method":"DELETE","header":[],"url":{"raw":"{{base_url}}/activities/9","host":["{{base_url}}"],"path":["activities","9"]}},"status":"OK","code":200,"_postman_previewlanguage":"json","header":[{"key":"X-Powered-By","value":"Express"},{"key":"Access-Control-Allow-Origin","value":"*"},{"key":"Content-Type","value":"application/json; charset=utf-8"},{"key":"Content-Length","value":"87"},{"key":"ETag","value":"W/\"57-irQU+6qZ8R0ySPh7QYlWxLEvbkU\""},{"key":"Date","value":"Sun, 19 Sep 2021 15:37:04 GMT"},{"key":"Connection","value":"keep-alive"},{"key":"Keep-Alive","value":"timeout=5"}],"cookie":[],"responseTime":null,"body":"{\n    \"headers\": {\n        \"error\": 0,\n        \"message\": \"Activity has been deleted\"\n    },\n    \"body\": {\n        \"rows_removed\": 1\n    }\n}"}]},{"name":"Delete An Activity Attendee","id":"fbbd5870-35ec-4844-a380-609e11bd3a7c","protocolProfileBehavior":{"disableBodyPruning":true},"request":{"method":"DELETE","header":[],"url":{"raw":"{{base_url}}/activities/1/attendees/17855","host":["{{base_url}}"],"path":["activities","1","attendees","17855"]},"description":"# Delete an activity attendee #\n## Response ##\n------------\n - rows_removed</ul>\n\n***Note*** : `message` header indicates result."},"response":[{"id":"371b461d-5124-4a8d-a2a8-25e05e7e078d","name":"Mock Delete An Activity Attendee","originalRequest":{"method":"DELETE","header":[],"url":{"raw":"{{base_url}}/activities/1/attendees/17855","host":["{{base_url}}"],"path":["activities","1","attendees","17855"]}},"status":"OK","code":200,"_postman_previewlanguage":"json","header":[{"key":"X-Powered-By","value":"Express"},{"key":"Access-Control-Allow-Origin","value":"*"},{"key":"Content-Type","value":"application/json; charset=utf-8"},{"key":"Content-Length","value":"96"},{"key":"ETag","value":"W/\"60-Mpp1pxZHPB9F/7HzzHng/+SgIEc\""},{"key":"Date","value":"Mon, 20 Sep 2021 10:37:11 GMT"},{"key":"Connection","value":"keep-alive"},{"key":"Keep-Alive","value":"timeout=5"}],"cookie":[],"responseTime":null,"body":"{\n    \"headers\": {\n        \"error\": 0,\n        \"message\": \"Activity attendee has been deleted\"\n    },\n    \"body\": {\n        \"rows_removed\": 1\n    }\n}"}]}],"auth":{"type":"bearer","bearer":[{"key":"token","value":"{{token}}","type":"string"}]},"event":[{"listen":"prerequest","script":{"id":"18b813af-c87c-4f31-a8fb-17e9cffacfff","type":"text/javascript","exec":[""]}},{"listen":"test","script":{"id":"888fb6f2-84c1-46f3-a228-9d3a404a7a6a","type":"text/javascript","exec":[""]}}]}