{"info":{"_postman_id":"5fdbbbe7-6b7b-4283-a6d3-d7f9830749e3","name":"activity types","description":"A collection with requests for `/activity-types` endpoint.","schema":"https://schema.getpostman.com/json/collection/v2.1.0/collection.json"},"item":[{"name":"Get All Activity Types","id":"1b2d63a0-2237-4b40-a655-175bf175de1f","protocolProfileBehavior":{"disableBodyPruning":true},"request":{"method":"GET","header":[],"url":{"raw":"{{base_url}}/activity-types","host":["{{base_url}}"],"path":["activity-types"]},"description":"# Get all activity types #\n\n## Response ##\n------------\nList of activity type details where each list item contains:\n - `activity_type_id`\n - `activity_type`"},"response":[{"id":"931e151b-1b0b-4e7f-915e-4f5daac0165a","name":"Mock Get All Activity Types","originalRequest":{"method":"GET","header":[],"url":{"raw":"{{base_url}}/activity-types","host":["{{base_url}}"],"path":["activity-types"]}},"status":"OK","code":200,"_postman_previewlanguage":"json","header":[{"key":"X-Powered-By","value":"Express"},{"key":"Access-Control-Allow-Origin","value":"*"},{"key":"Content-Type","value":"application/json; charset=utf-8"},{"key":"Content-Length","value":"242"},{"key":"ETag","value":"W/\"f2-abFl76KSLt3rvBRaBYs8KmqhKu4\""},{"key":"Date","value":"Fri, 10 Sep 2021 15:57:16 GMT"},{"key":"Connection","value":"keep-alive"},{"key":"Keep-Alive","value":"timeout=5"}],"cookie":[],"responseTime":null,"body":"{\n    \"headers\": {\n        \"error\": 0,\n        \"message\": \"Success\"\n    },\n    \"body\": [\n        {\n            \"activity_type_id\": 1,\n            \"activity_type\": \"Sports\"\n        },\n        {\n            \"activity_type_id\": 4,\n            \"activity_type\": \"Jamming\"\n        },\n        {\n            \"activity_type_id\": 5,\n            \"activity_type\": \"Food\"\n        },\n        {\n            \"activity_type_id\": 6,\n            \"activity_type\": \"Games\"\n        }\n    ]\n}"}]},{"name":"Get Activity Type By Id","id":"4be0a96a-25cb-48e2-807b-b076209576bb","protocolProfileBehavior":{"disableBodyPruning":true},"request":{"method":"GET","header":[],"url":{"raw":"{{base_url}}/activity-types/5","host":["{{base_url}}"],"path":["activity-types","5"]},"description":"# Get an activity type by id #\n\n## Response ##\n------------\n - `activity_type_id`\n - `activity_type`"},"response":[{"id":"0c207db5-d8f5-4ef3-b337-d1940b584379","name":"Mock Get Activity Type By Id","originalRequest":{"method":"GET","header":[],"url":{"raw":"{{base_url}}/activity-types/5","host":["{{base_url}}"],"path":["activity-types","5"]}},"status":"OK","code":200,"_postman_previewlanguage":"json","header":[{"key":"X-Powered-By","value":"Express"},{"key":"Access-Control-Allow-Origin","value":"*"},{"key":"Content-Type","value":"application/json; charset=utf-8"},{"key":"Content-Length","value":"96"},{"key":"ETag","value":"W/\"60-MD5Rwj4767E+3A+uJWis7SQp3U4\""},{"key":"Date","value":"Fri, 10 Sep 2021 15:57:37 GMT"},{"key":"Connection","value":"keep-alive"},{"key":"Keep-Alive","value":"timeout=5"}],"cookie":[],"responseTime":null,"body":"{\n    \"headers\": {\n        \"error\": 0,\n        \"message\": \"Success\"\n    },\n    \"body\": {\n        \"activity_type_id\": 5,\n        \"activity_type\": \"Food\"\n    }\n}"}]},{"name":"Add An Activity Type","id":"417e89ad-8c6f-427f-b4d0-494cc6da6dbe","protocolProfileBehavior":{"disableBodyPruning":true},"request":{"auth":{"type":"bearer","bearer":[{"key":"token","value":"{{admin_token}}","type":"string"}]},"method":"POST","header":[],"body":{"mode":"raw","raw":"{\r\n    \"activity_type\":\"Games\"\r\n}","options":{"raw":{"language":"json"}}},"url":{"raw":"{{base_url}}/activity-types","host":["{{base_url}}"],"path":["activity-types"]},"description":"# Add a new activity type #\n\n## Response ##\n------------\n - `activity_type_id` New student type's id.\n - `affected_rows` Should be 1."},"response":[{"id":"9877b83a-d77f-4472-bfb5-28c79a961b6c","name":"Mock Add An Activity Type","originalRequest":{"method":"POST","header":[],"body":{"mode":"raw","raw":"{\r\n    \"activity_type\":\"Sports\"\r\n}","options":{"raw":{"language":"json"}}},"url":{"raw":"{{base_url}}/activity-types","host":["{{base_url}}"],"path":["activity-types"]}},"status":"Created","code":201,"_postman_previewlanguage":"json","header":[{"key":"X-Powered-By","value":"Express"},{"key":"Access-Control-Allow-Origin","value":"*"},{"key":"Content-Type","value":"application/json; charset=utf-8"},{"key":"Content-Length","value":"110"},{"key":"ETag","value":"W/\"6e-1B5Ss3n8T3izBU5lSfJOecyadlk\""},{"key":"Date","value":"Fri, 10 Sep 2021 15:56:06 GMT"},{"key":"Connection","value":"keep-alive"},{"key":"Keep-Alive","value":"timeout=5"}],"cookie":[],"responseTime":null,"body":"{\n    \"headers\": {\n        \"error\": 0,\n        \"message\": \"Activity type was created!\"\n    },\n    \"body\": {\n        \"activity_type_id\": 3,\n        \"affected_rows\": 1\n    }\n}"}]},{"name":"Update An Activity Type","id":"9827396a-722d-4aa9-b0b8-0ed500c060a0","protocolProfileBehavior":{"disableBodyPruning":true},"request":{"auth":{"type":"bearer","bearer":[{"key":"token","value":"{{admin_token}}","type":"string"}]},"method":"PATCH","header":[],"body":{"mode":"raw","raw":"{\r\n    \"activity_type\":\"Jamming\"\r\n}","options":{"raw":{"language":"json"}}},"url":{"raw":"{{base_url}}/activity-types/4","host":["{{base_url}}"],"path":["activity-types","4"]},"description":"# Update details of a activity type #\n## Response ##\n------------\n - rows_matched\n - rows_changed\n - info\n\n***Note*** : `message` header indicates result."},"response":[{"id":"64df591d-6170-48f1-8fc9-968f1b64a98e","name":"Mock Update An Activity Type","originalRequest":{"method":"PATCH","header":[],"body":{"mode":"raw","raw":"{\r\n    \"activity_type\":\"Political\"\r\n}","options":{"raw":{"language":"json"}}},"url":{"raw":"{{base_url}}/activity-types/4","host":["{{base_url}}"],"path":["activity-types","4"]}},"status":"OK","code":200,"_postman_previewlanguage":"json","header":[{"key":"X-Powered-By","value":"Express"},{"key":"Access-Control-Allow-Origin","value":"*"},{"key":"Content-Type","value":"application/json; charset=utf-8"},{"key":"Content-Length","value":"163"},{"key":"ETag","value":"W/\"a3-mFE2OONCmW7JpreTTAt6fa5DYfI\""},{"key":"Date","value":"Fri, 10 Sep 2021 15:58:13 GMT"},{"key":"Connection","value":"keep-alive"},{"key":"Keep-Alive","value":"timeout=5"}],"cookie":[],"responseTime":null,"body":"{\n    \"headers\": {\n        \"error\": 0,\n        \"message\": \"Activity type updated successfully\"\n    },\n    \"body\": {\n        \"rows_matched\": 1,\n        \"rows_changed\": 1,\n        \"info\": \"Rows matched: 1  Changed: 1  Warnings: 0\"\n    }\n}"}]},{"name":"Delete An Activity Type","id":"e72bc4b1-a41f-462c-8fd6-994ffe023474","protocolProfileBehavior":{"disableBodyPruning":true},"request":{"auth":{"type":"bearer","bearer":[{"key":"token","value":"{{admin_token}}","type":"string"}]},"method":"DELETE","header":[],"url":{"raw":"{{base_url}}/activity-types/7","host":["{{base_url}}"],"path":["activity-types","7"]},"description":"# Delete a activity type #\n## Response ##\n------------\n - rows_removed</ul>\n\n***Note*** : `message` header indicates result."},"response":[{"id":"d30b1c24-2693-49a3-a07b-95ab233d8298","name":"Mock Delete An Activity Type","originalRequest":{"method":"DELETE","header":[],"url":{"raw":"{{base_url}}/activity-types/7","host":["{{base_url}}"],"path":["activity-types","7"]}},"status":"OK","code":200,"_postman_previewlanguage":"json","header":[{"key":"X-Powered-By","value":"Express"},{"key":"Access-Control-Allow-Origin","value":"*"},{"key":"Content-Type","value":"application/json; charset=utf-8"},{"key":"Content-Length","value":"92"},{"key":"ETag","value":"W/\"5c-j5B3whylMFfHFDxjRXUvL/mKI04\""},{"key":"Date","value":"Fri, 10 Sep 2021 15:58:47 GMT"},{"key":"Connection","value":"keep-alive"},{"key":"Keep-Alive","value":"timeout=5"}],"cookie":[],"responseTime":null,"body":"{\n    \"headers\": {\n        \"error\": 0,\n        \"message\": \"Activity type has been deleted\"\n    },\n    \"body\": {\n        \"rows_removed\": 1\n    }\n}"}]}],"auth":{"type":"bearer","bearer":[{"key":"token","value":"{{token}}","type":"string"}]},"event":[{"listen":"prerequest","script":{"id":"9c3740e3-b7c7-4ea6-a4db-0f129161dba3","type":"text/javascript","exec":[""]}},{"listen":"test","script":{"id":"d63ab88c-988e-4fc0-bdaa-d524d1d82181","type":"text/javascript","exec":[""]}}]}