{"info":{"_postman_id":"c224dcaf-fdeb-4610-ab53-c170bc49dd06","name":"activity statuses","description":"A collection with requests for `/activity-statuses` endpoint.","schema":"https://schema.getpostman.com/json/collection/v2.1.0/collection.json"},"item":[{"name":"Get All Activity Statuses","id":"e711e70a-996c-4330-adad-7a572389cfca","protocolProfileBehavior":{"disableBodyPruning":true},"request":{"method":"GET","header":[],"url":{"raw":"{{base_url}}/activity-statuses","host":["{{base_url}}"],"path":["activity-statuses"]},"description":"# Get all activity statuses #\n\n## Response ##\n------------\nList of activity status details where each list item contains:\n - `activity_status_id`\n - `activity_status`"},"response":[{"id":"eaf56a3c-6f27-42c4-bbb8-c91445ac5154","name":"Mock Get All Activity Statuses","originalRequest":{"method":"GET","header":[],"url":{"raw":"{{base_url}}/activity-statuses","host":["{{base_url}}"],"path":["activity-statuses"]}},"status":"OK","code":200,"_postman_previewlanguage":"json","header":[{"key":"X-Powered-By","value":"Express"},{"key":"Access-Control-Allow-Origin","value":"*"},{"key":"Content-Type","value":"application/json; charset=utf-8"},{"key":"Content-Length","value":"271"},{"key":"ETag","value":"W/\"10f-uJAPHUa4L0K8C4pYS9Ov2rfSrG4\""},{"key":"Date","value":"Fri, 10 Sep 2021 11:01:39 GMT"},{"key":"Connection","value":"keep-alive"},{"key":"Keep-Alive","value":"timeout=5"}],"cookie":[],"responseTime":null,"body":"{\n    \"headers\": {\n        \"error\": 0,\n        \"message\": \"Success\"\n    },\n    \"body\": [\n        {\n            \"activity_status_id\": 1,\n            \"activity_status\": \"Happening\"\n        },\n        {\n            \"activity_status_id\": 2,\n            \"activity_status\": \"Scheduled\"\n        },\n        {\n            \"activity_status_id\": 3,\n            \"activity_status\": \"Cancelled\"\n        },\n        {\n            \"activity_status_id\": 4,\n            \"activity_status\": \"Complete\"\n        }\n    ]\n}"}]},{"name":"Get Activity Status By Id","id":"7448168d-f757-4645-967b-730cbbf6cda1","protocolProfileBehavior":{"disableBodyPruning":true},"request":{"method":"GET","header":[],"url":{"raw":"{{base_url}}/activity-statuses/2","host":["{{base_url}}"],"path":["activity-statuses","2"]},"description":"# Get an activity status by id #\n\n## Response ##\n------------\n - `activity_status_id`\n - `activity_status`"},"response":[{"id":"7ab10102-1bd5-42c5-9ccd-7e10265c924c","name":"Mock Get Activity Status By Id","originalRequest":{"method":"GET","header":[],"url":{"raw":"{{base_url}}/activity-statuses/2","host":["{{base_url}}"],"path":["activity-statuses","2"]}},"status":"OK","code":200,"_postman_previewlanguage":"json","header":[{"key":"X-Powered-By","value":"Express"},{"key":"Access-Control-Allow-Origin","value":"*"},{"key":"Content-Type","value":"application/json; charset=utf-8"},{"key":"Content-Length","value":"105"},{"key":"ETag","value":"W/\"69-FrakMKFQmQlBzbPTgD31aUgbV0A\""},{"key":"Date","value":"Fri, 10 Sep 2021 11:01:54 GMT"},{"key":"Connection","value":"keep-alive"},{"key":"Keep-Alive","value":"timeout=5"}],"cookie":[],"responseTime":null,"body":"{\n    \"headers\": {\n        \"error\": 0,\n        \"message\": \"Success\"\n    },\n    \"body\": {\n        \"activity_status_id\": 2,\n        \"activity_status\": \"Scheduled\"\n    }\n}"}]},{"name":"Add An Activity Status","id":"39b6d5ef-b856-4ef5-a293-92d7daec4dc7","protocolProfileBehavior":{"disableBodyPruning":true},"request":{"auth":{"type":"bearer","bearer":[{"key":"token","value":"{{admin_token}}","type":"string"}]},"method":"POST","header":[],"body":{"mode":"raw","raw":"{\r\n    \"activity_status\":\"Happening\"\r\n}","options":{"raw":{"language":"json"}}},"url":{"raw":"{{base_url}}/activity-statuses","host":["{{base_url}}"],"path":["activity-statuses"]},"description":"# Add a new activity status #\n\n## Response ##\n------------\n - `activity_status_id` New student status's id.\n - `affected_rows` Should be 1."},"response":[{"id":"2b0c803e-debd-4045-af18-1ba232415dde","name":"Mock Add An Activity Status","originalRequest":{"method":"POST","header":[],"body":{"mode":"raw","raw":"{\r\n    \"activity_status\":\"Happening\"\r\n}","options":{"raw":{"language":"json"}}},"url":{"raw":"{{base_url}}/activity-statuses","host":["{{base_url}}"],"path":["activity-statuses"]}},"status":"Created","code":201,"_postman_previewlanguage":"json","header":[{"key":"X-Powered-By","value":"Express"},{"key":"Access-Control-Allow-Origin","value":"*"},{"key":"Content-Type","value":"application/json; charset=utf-8"},{"key":"Content-Length","value":"114"},{"key":"ETag","value":"W/\"72-kfWQAuonRSAmcIW2mvMHs5j56U0\""},{"key":"Date","value":"Fri, 10 Sep 2021 11:00:42 GMT"},{"key":"Connection","value":"keep-alive"},{"key":"Keep-Alive","value":"timeout=5"}],"cookie":[],"responseTime":null,"body":"{\n    \"headers\": {\n        \"error\": 0,\n        \"message\": \"Activity status was created!\"\n    },\n    \"body\": {\n        \"activity_status_id\": 1,\n        \"affected_rows\": 1\n    }\n}"}]},{"name":"Update An Activity Status","id":"426c3c5f-6a0a-43ef-aab8-cbbdcc60dff9","protocolProfileBehavior":{"disableBodyPruning":true},"request":{"auth":{"type":"bearer","bearer":[{"key":"token","value":"{{admin_token}}","type":"string"}]},"method":"PATCH","header":[],"body":{"mode":"raw","raw":"{\r\n    \"activity_status\":\"Done\"\r\n}","options":{"raw":{"language":"json"}}},"url":{"raw":"{{base_url}}/activity-statuses/4","host":["{{base_url}}"],"path":["activity-statuses","4"]},"description":"# Update details of a activity status #\n## Response ##\n------------\n - rows_matched\n - rows_changed\n - info\n\n***Note*** : `message` header indicates result."},"response":[{"id":"0b6d2297-5b99-4fcb-a168-63bd7aa4e5c4","name":"Mock Update An Activity Status","originalRequest":{"method":"PATCH","header":[],"body":{"mode":"raw","raw":"{\r\n    \"activity_status\":\"Done\"\r\n}","options":{"raw":{"language":"json"}}},"url":{"raw":"{{base_url}}/activity-statuses/4","host":["{{base_url}}"],"path":["activity-statuses","4"]}},"status":"OK","code":200,"_postman_previewlanguage":"json","header":[{"key":"X-Powered-By","value":"Express"},{"key":"Access-Control-Allow-Origin","value":"*"},{"key":"Content-Type","value":"application/json; charset=utf-8"},{"key":"Content-Length","value":"165"},{"key":"ETag","value":"W/\"a5-mrwmXPafIn00r2C+EnzrnwAUNUY\""},{"key":"Date","value":"Fri, 10 Sep 2021 11:02:32 GMT"},{"key":"Connection","value":"keep-alive"},{"key":"Keep-Alive","value":"timeout=5"}],"cookie":[],"responseTime":null,"body":"{\n    \"headers\": {\n        \"error\": 0,\n        \"message\": \"Activity status updated successfully\"\n    },\n    \"body\": {\n        \"rows_matched\": 1,\n        \"rows_changed\": 1,\n        \"info\": \"Rows matched: 1  Changed: 1  Warnings: 0\"\n    }\n}"}]},{"name":"Delete An Activity Status","id":"faa92215-ef97-46d6-88aa-2862fd67f687","protocolProfileBehavior":{"disableBodyPruning":true},"request":{"auth":{"type":"bearer","bearer":[{"key":"token","value":"{{admin_token}}","type":"string"}]},"method":"DELETE","header":[],"url":{"raw":"{{base_url}}/activity-statuses/5","host":["{{base_url}}"],"path":["activity-statuses","5"]},"description":"# Delete a activity status #\n## Response ##\n------------\n - rows_removed</ul>\n\n***Note*** : `message` header indicates result."},"response":[{"id":"965fc19a-8017-4060-8d2d-213efd0d392f","name":"Mock Delete An Activity Status","originalRequest":{"method":"DELETE","header":[],"url":{"raw":"{{base_url}}/activity-statuses/5","host":["{{base_url}}"],"path":["activity-statuses","5"]}},"status":"OK","code":200,"_postman_previewlanguage":"json","header":[{"key":"X-Powered-By","value":"Express"},{"key":"Access-Control-Allow-Origin","value":"*"},{"key":"Content-Type","value":"application/json; charset=utf-8"},{"key":"Content-Length","value":"94"},{"key":"ETag","value":"W/\"5e-z/KdmNLp5+D6V3tNcGHpZnoPNKc\""},{"key":"Date","value":"Fri, 10 Sep 2021 11:03:08 GMT"},{"key":"Connection","value":"keep-alive"},{"key":"Keep-Alive","value":"timeout=5"}],"cookie":[],"responseTime":null,"body":"{\n    \"headers\": {\n        \"error\": 0,\n        \"message\": \"Activity status has been deleted\"\n    },\n    \"body\": {\n        \"rows_removed\": 1\n    }\n}"}]}],"auth":{"type":"bearer","bearer":[{"key":"token","value":"{{token}}","type":"string"}]},"event":[{"listen":"prerequest","script":{"id":"be7acceb-cfc8-4c29-9080-da5496c7cd15","type":"text/javascript","exec":[""]}},{"listen":"test","script":{"id":"295b104c-f13b-4357-b70b-9b7ed4a3f9f0","type":"text/javascript","exec":[""]}}]}